,mean_fit_time,std_fit_time,mean_score_time,std_score_time,param_C,param_decision_function_shape,param_kernel,param_max_iter,params,split0_test_score,split1_test_score,split2_test_score,split3_test_score,split4_test_score,mean_test_score,std_test_score,rank_test_score
0,0.5701372146606445,0.10482503879117505,0.1063166618347168,0.023673770420428362,0.001,ovo,linear,100,"{'C': 0.001, 'decision_function_shape': 'ovo', 'kernel': 'linear', 'max_iter': 100}",0.4281734978113808,0.43688167787890775,0.43208895949166004,0.43629191321499017,0.4329244163039177,0.4332720929401713,0.003151659055477574,67
1,2.766102695465088,0.2803286044944621,0.6041855335235595,0.14335400944142018,0.001,ovo,linear,500,"{'C': 0.001, 'decision_function_shape': 'ovo', 'kernel': 'linear', 'max_iter': 500}",0.43148222133439873,0.4391201885310291,0.43433133732534923,0.43742597710225034,0.43118536197295154,0.43470901725319583,0.0031563049100875092,63
2,7.535887813568115,0.7459642077211575,1.7126922130584716,0.06787186674859463,0.001,ovo,linear,1000,"{'C': 0.001, 'decision_function_shape': 'ovo', 'kernel': 'linear', 'max_iter': 1000}",0.43226062773142626,0.43962115232833465,0.4342629482071713,0.43412698412698414,0.4305722288915566,0.43416878825709465,0.0030435243882183712,65
3,21.725394630432127,1.1787960054788378,3.624628210067749,0.2576545851637414,0.001,ovo,linear,5000,"{'C': 0.001, 'decision_function_shape': 'ovo', 'kernel': 'linear', 'max_iter': 5000}",0.0,0.0,0.0,0.0,0.0,0.0,0.0,257
4,20.65349488258362,0.9224921614513079,3.5194411277770996,0.06173099347687322,0.001,ovo,linear,10000,"{'C': 0.001, 'decision_function_shape': 'ovo', 'kernel': 'linear', 'max_iter': 10000}",0.0,0.0,0.0,0.0,0.0,0.0,0.0,257
5,0.6053807258605957,0.0558717468968747,0.09833722114562989,0.009131771445361344,0.001,ovo,poly,100,"{'C': 0.001, 'decision_function_shape': 'ovo', 'kernel': 'poly', 'max_iter': 100}",0.4386792452830189,0.4397330192383196,0.43885174990169085,0.4392927308447937,0.4392927308447937,0.43916989522252325,0.00037127877549542905,37
6,2.4443788051605226,0.2119863544242121,0.506946611404419,0.07591115939740115,0.001,ovo,poly,500,"{'C': 0.001, 'decision_function_shape': 'ovo', 'kernel': 'poly', 'max_iter': 500}",0.4391201885310291,0.4391201885310291,0.4386792452830189,0.4392927308447937,0.4392927308447937,0.43910101680693286,0.00022455951238822082,43
7,5.030809164047241,0.4312748805003314,1.0479145050048828,0.1187054963667797,0.001,ovo,poly,1000,"{'C': 0.001, 'decision_function_shape': 'ovo', 'kernel': 'poly', 'max_iter': 1000}",0.43806527723161626,0.4397330192383196,0.43885174990169085,0.4392927308447937,0.4392927308447937,0.43904710161224275,0.0005644983321035014,45
8,19.650546503067016,0.6054486725605867,3.896379852294922,0.3323702178422426,0.001,ovo,poly,5000,"{'C': 0.001, 'decision_function_shape': 'ovo', 'kernel': 'poly', 'max_iter': 5000}",0.0035650623885918,0.0035650623885918,0.0,0.0,0.0,0.00142602495543672,0.0017465167506475422,253
9,19.98000888824463,0.8508271325671141,4.042893743515014,0.35931896050869566,0.001,ovo,poly,10000,"{'C': 0.001, 'decision_function_shape': 'ovo', 'kernel': 'poly', 'max_iter': 10000}",0.0035650623885918,0.0035650623885918,0.0,0.0,0.0,0.00142602495543672,0.0017465167506475422,253
10,0.39394636154174806,0.06960248225542125,0.08816404342651367,0.01398530695465228,0.001,ovo,rbf,100,"{'C': 0.001, 'decision_function_shape': 'ovo', 'kernel': 'rbf', 'max_iter': 100}",0.23071161048689137,0.2357194504699928,0.23287671232876714,0.20456217807211183,0.22938530734632684,0.226651051740818,0.011250576307605514,225
11,2.420343780517578,0.12707927833340774,0.4873098373413086,0.08264879396843665,0.001,ovo,rbf,500,"{'C': 0.001, 'decision_function_shape': 'ovo', 'kernel': 'rbf', 'max_iter': 500}",0.33203125,0.29775662814411963,0.30526315789473685,0.2927461139896373,0.3603238866396761,0.31762420733363395,0.025287393166336578,203
12,5.668111753463745,0.43025273079359794,1.279008388519287,0.16130529242115665,0.001,ovo,rbf,1000,"{'C': 0.001, 'decision_function_shape': 'ovo', 'kernel': 'rbf', 'max_iter': 1000}",0.5110410094637223,0.47506925207756234,0.5075653370013755,0.5096731154102735,0.492599171107164,0.4991895770120195,0.01375309353446553,1
13,17.380206918716432,1.0869965890079198,3.9227623462677004,0.33209471643986493,0.001,ovo,rbf,5000,"{'C': 0.001, 'decision_function_shape': 'ovo', 'kernel': 'rbf', 'max_iter': 5000}",0.0,0.0,0.0,0.0,0.0,0.0,0.0,257
14,17.32098169326782,0.9299602869816224,4.122168731689453,0.5032534626929832,0.001,ovo,rbf,10000,"{'C': 0.001, 'decision_function_shape': 'ovo', 'kernel': 'rbf', 'max_iter': 10000}",0.0,0.0,0.0,0.0,0.0,0.0,0.0,257
15,1.0313483715057372,0.18788170131256293,0.24784393310546876,0.023200632738024883,0.001,ovo,sigmoid,100,"{'C': 0.001, 'decision_function_shape': 'ovo', 'kernel': 'sigmoid', 'max_iter': 100}",0.44704505558806323,0.45358401880141014,0.4451038575667656,0.465195246179966,0.43698468786808015,0.44958257320085704,0.009433681451807384,25
16,4.165361595153809,0.4065563272006725,0.997133207321167,0.08358463798213754,0.001,ovo,sigmoid,500,"{'C': 0.001, 'decision_function_shape': 'ovo', 'kernel': 'sigmoid', 'max_iter': 500}",0.4505882352941176,0.45535186280307505,0.44910179640718567,0.4614512471655329,0.4386792452830188,0.451034477390586,0.00753306123124373,21
17,7.291604137420654,0.7168810214874946,1.7489264488220215,0.10299879402927638,0.001,ovo,sigmoid,1000,"{'C': 0.001, 'decision_function_shape': 'ovo', 'kernel': 'sigmoid', 'max_iter': 1000}",0.3914400356665181,0.4004388370817334,0.40082858622475404,0.38040089086859685,0.385980479148181,0.3918177657979567,0.008000992231972716,105
18,17.47787127494812,0.9220077884958859,3.6769972801208497,0.5667937352925831,0.001,ovo,sigmoid,5000,"{'C': 0.001, 'decision_function_shape': 'ovo', 'kernel': 'sigmoid', 'max_iter': 5000}",0.0,0.0,0.0,0.0,0.0,0.0,0.0,257
19,16.990568828582763,0.7032738587678893,3.4945695400238037,0.1983353378102304,0.001,ovo,sigmoid,10000,"{'C': 0.001, 'decision_function_shape': 'ovo', 'kernel': 'sigmoid', 'max_iter': 10000}",0.0,0.0,0.0,0.0,0.0,0.0,0.0,257
20,0.405914306640625,0.05486187626072736,0.08297762870788575,0.01583684357642955,0.001,ovr,linear,100,"{'C': 0.001, 'decision_function_shape': 'ovr', 'kernel': 'linear', 'max_iter': 100}",0.4281734978113808,0.43688167787890775,0.43208895949166004,0.43629191321499017,0.4329244163039177,0.4332720929401713,0.003151659055477574,67
21,2.3573723316192625,0.14912451365351317,0.4579805374145508,0.03380511338277341,0.001,ovr,linear,500,"{'C': 0.001, 'decision_function_shape': 'ovr', 'kernel': 'linear', 'max_iter': 500}",0.43148222133439873,0.4391201885310291,0.43433133732534923,0.43742597710225034,0.43118536197295154,0.43470901725319583,0.0031563049100875092,63
22,5.2813239097595215,0.383753671367333,1.2841713905334473,0.04817755883903329,0.001,ovr,linear,1000,"{'C': 0.001, 'decision_function_shape': 'ovr', 'kernel': 'linear', 'max_iter': 1000}",0.43226062773142626,0.43962115232833465,0.4342629482071713,0.43412698412698414,0.4305722288915566,0.43416878825709465,0.0030435243882183712,65
23,19.46702136993408,1.2711371941976024,4.356833744049072,0.787345154544856,0.001,ovr,linear,5000,"{'C': 0.001, 'decision_function_shape': 'ovr', 'kernel': 'linear', 'max_iter': 5000}",0.0,0.0,0.0,0.0,0.0,0.0,0.0,257
24,18.965088176727296,1.2047227065490422,3.9457136154174806,0.42567328417950595,0.001,ovr,linear,10000,"{'C': 0.001, 'decision_function_shape': 'ovr', 'kernel': 'linear', 'max_iter': 10000}",0.0,0.0,0.0,0.0,0.0,0.0,0.0,257
25,0.38718605041503906,0.05499615163558811,0.08178119659423828,0.00935646435807412,0.001,ovr,poly,100,"{'C': 0.001, 'decision_function_shape': 'ovr', 'kernel': 'poly', 'max_iter': 100}",0.4386792452830189,0.4397330192383196,0.43885174990169085,0.4392927308447937,0.4392927308447937,0.43916989522252325,0.00037127877549542905,37
26,2.110678863525391,0.13883236942685748,0.4393316268920898,0.028558393713386383,0.001,ovr,poly,500,"{'C': 0.001, 'decision_function_shape': 'ovr', 'kernel': 'poly', 'max_iter': 500}",0.4391201885310291,0.4391201885310291,0.4386792452830189,0.4392927308447937,0.4392927308447937,0.43910101680693286,0.00022455951238822082,43
27,5.353886270523072,0.5714773903689319,1.2420897483825684,0.23249387193847135,0.001,ovr,poly,1000,"{'C': 0.001, 'decision_function_shape': 'ovr', 'kernel': 'poly', 'max_iter': 1000}",0.43806527723161626,0.4397330192383196,0.43885174990169085,0.4392927308447937,0.4392927308447937,0.43904710161224275,0.0005644983321035014,45
28,21.25403552055359,0.651992753895479,4.078890371322632,0.3587219387642044,0.001,ovr,poly,5000,"{'C': 0.001, 'decision_function_shape': 'ovr', 'kernel': 'poly', 'max_iter': 5000}",0.0035650623885918,0.0035650623885918,0.0,0.0,0.0,0.00142602495543672,0.0017465167506475422,253
29,21.541418743133544,0.7484183382194632,3.7719118118286135,0.1785966463020301,0.001,ovr,poly,10000,"{'C': 0.001, 'decision_function_shape': 'ovr', 'kernel': 'poly', 'max_iter': 10000}",0.0035650623885918,0.0035650623885918,0.0,0.0,0.0,0.00142602495543672,0.0017465167506475422,253
30,0.528499174118042,0.10352853625727602,0.10432171821594238,0.0423538590925662,0.001,ovr,rbf,100,"{'C': 0.001, 'decision_function_shape': 'ovr', 'kernel': 'rbf', 'max_iter': 100}",0.23071161048689137,0.2357194504699928,0.23287671232876714,0.20456217807211183,0.22938530734632684,0.226651051740818,0.011250576307605514,225
31,3.098005437850952,0.22864528447148597,0.5594112396240234,0.0808810559127351,0.001,ovr,rbf,500,"{'C': 0.001, 'decision_function_shape': 'ovr', 'kernel': 'rbf', 'max_iter': 500}",0.33203125,0.29775662814411963,0.30526315789473685,0.2927461139896373,0.3603238866396761,0.31762420733363395,0.025287393166336578,203
32,5.8961669921875,0.5079029343703173,1.2538653373718263,0.12533773740592022,0.001,ovr,rbf,1000,"{'C': 0.001, 'decision_function_shape': 'ovr', 'kernel': 'rbf', 'max_iter': 1000}",0.5110410094637223,0.47506925207756234,0.5075653370013755,0.5096731154102735,0.492599171107164,0.4991895770120195,0.01375309353446553,1
33,16.182169818878172,0.42788286142129756,3.6979420661926268,0.2363564423615743,0.001,ovr,rbf,5000,"{'C': 0.001, 'decision_function_shape': 'ovr', 'kernel': 'rbf', 'max_iter': 5000}",0.0,0.0,0.0,0.0,0.0,0.0,0.0,257
34,16.714369678497313,0.23294874045703412,4.339547824859619,0.4006189723467467,0.001,ovr,rbf,10000,"{'C': 0.001, 'decision_function_shape': 'ovr', 'kernel': 'rbf', 'max_iter': 10000}",0.0,0.0,0.0,0.0,0.0,0.0,0.0,257
35,0.8796672344207763,0.10157312052051325,0.2042611598968506,0.02438322609396753,0.001,ovr,sigmoid,100,"{'C': 0.001, 'decision_function_shape': 'ovr', 'kernel': 'sigmoid', 'max_iter': 100}",0.44704505558806323,0.45358401880141014,0.4451038575667656,0.465195246179966,0.43698468786808015,0.44958257320085704,0.009433681451807384,25
36,4.192936944961548,0.42903655928114426,0.9554448127746582,0.07234047783356187,0.001,ovr,sigmoid,500,"{'C': 0.001, 'decision_function_shape': 'ovr', 'kernel': 'sigmoid', 'max_iter': 500}",0.4505882352941176,0.45535186280307505,0.44910179640718567,0.4614512471655329,0.4386792452830188,0.451034477390586,0.00753306123124373,21
37,7.0332863330841064,0.4365381564002932,1.7808892726898193,0.18108300921082082,0.001,ovr,sigmoid,1000,"{'C': 0.001, 'decision_function_shape': 'ovr', 'kernel': 'sigmoid', 'max_iter': 1000}",0.3914400356665181,0.4004388370817334,0.40082858622475404,0.38040089086859685,0.385980479148181,0.3918177657979567,0.008000992231972716,105
38,17.579853105545045,1.1569724022980443,3.4021597862243653,0.3608899430588974,0.001,ovr,sigmoid,5000,"{'C': 0.001, 'decision_function_shape': 'ovr', 'kernel': 'sigmoid', 'max_iter': 5000}",0.0,0.0,0.0,0.0,0.0,0.0,0.0,257
39,16.728304719924928,0.2393323661057494,3.3674496173858643,0.37896164989188447,0.001,ovr,sigmoid,10000,"{'C': 0.001, 'decision_function_shape': 'ovr', 'kernel': 'sigmoid', 'max_iter': 10000}",0.0,0.0,0.0,0.0,0.0,0.0,0.0,257
40,0.40431838035583495,0.037548261938613395,0.08019089698791504,0.00978341696528553,0.01,ovo,linear,100,"{'C': 0.01, 'decision_function_shape': 'ovo', 'kernel': 'linear', 'max_iter': 100}",0.4339920948616601,0.4359889021006738,0.4330552244735797,0.4384858044164038,0.43450732093391375,0.4352058693572462,0.0018951309248221985,59
41,2.4170791149139403,0.20461231146903155,0.4515923023223877,0.03786915065364116,0.01,ovo,linear,500,"{'C': 0.01, 'decision_function_shape': 'ovo', 'kernel': 'linear', 'max_iter': 500}",0.4278846153846154,0.43373493975903615,0.4332273449920509,0.4335329341317366,0.43423137876386686,0.4325222426062612,0.002341710219931049,69
42,5.299198007583618,0.405489489669561,1.0910902976989747,0.12718690639207053,0.01,ovo,linear,1000,"{'C': 0.01, 'decision_function_shape': 'ovo', 'kernel': 'linear', 'max_iter': 1000}",0.43251902282739285,0.43536875495638383,0.43547110055423593,0.43708086785009864,0.4351665997591329,0.43512126918944877,0.0014695168654238853,61
43,16.258053493499755,1.0119482129424264,4.034187841415405,0.4876519100236497,0.01,ovo,linear,5000,"{'C': 0.01, 'decision_function_shape': 'ovo', 'kernel': 'linear', 'max_iter': 5000}",0.05199306759098787,0.031034482758620686,0.05517241379310345,0.024518388791593695,0.06540447504302926,0.045624565595466994,0.015370785647378099,247
44,17.632540559768678,0.3331090639264918,3.520127296447754,0.35400771530636976,0.01,ovo,linear,10000,"{'C': 0.01, 'decision_function_shape': 'ovo', 'kernel': 'linear', 'max_iter': 10000}",0.05536332179930795,0.031034482758620686,0.05517241379310345,0.024518388791593695,0.062068965517241385,0.045631514531973436,0.014931604343901011,245
45,0.36821508407592773,0.04266626485353022,0.06662144660949706,0.010315044769973301,0.01,ovo,poly,100,"{'C': 0.01, 'decision_function_shape': 'ovo', 'kernel': 'poly', 'max_iter': 100}",0.4386792452830189,0.4397330192383196,0.43885174990169085,0.4392927308447937,0.4392927308447937,0.43916989522252325,0.00037127877549542905,37
46,2.0148305892944336,0.13983740294215927,0.42786588668823244,0.09112701874597907,0.01,ovo,poly,500,"{'C': 0.01, 'decision_function_shape': 'ovo', 'kernel': 'poly', 'max_iter': 500}",0.43850687622789786,0.4391201885310291,0.4386792452830189,0.4392927308447937,0.4392927308447937,0.4389783543463066,0.00032543507783796546,47
47,5.272119760513306,0.4930221653298555,0.9802957057952881,0.10464944846571461,0.01,ovo,poly,1000,"{'C': 0.01, 'decision_function_shape': 'ovo', 'kernel': 'poly', 'max_iter': 1000}",0.4386792452830189,0.4397330192383196,0.4386792452830189,0.4392927308447937,0.4392927308447937,0.4391353942987889,0.0004056621734750268,41
48,18.111599349975585,0.7806171186527339,3.967833137512207,0.4110939309755352,0.01,ovo,poly,5000,"{'C': 0.01, 'decision_function_shape': 'ovo', 'kernel': 'poly', 'max_iter': 5000}",0.024647887323943664,0.007067137809187279,0.03826086956521739,0.007079646017699115,0.03496503496503496,0.02240411513621648,0.013298948145565977,249
49,18.7348530292511,0.753851330561775,4.083289861679077,0.5809927783189971,0.01,ovo,poly,10000,"{'C': 0.01, 'decision_function_shape': 'ovo', 'kernel': 'poly', 'max_iter': 10000}",0.024647887323943664,0.007067137809187279,0.03826086956521739,0.007079646017699115,0.03496503496503496,0.02240411513621648,0.013298948145565977,249
50,0.42038278579711913,0.046001333843722576,0.07140893936157226,0.010954239475574081,0.01,ovo,rbf,100,"{'C': 0.01, 'decision_function_shape': 'ovo', 'kernel': 'rbf', 'max_iter': 100}",0.23071161048689137,0.2357194504699928,0.23287671232876714,0.20456217807211183,0.22938530734632684,0.226651051740818,0.011250576307605514,225
51,2.2298890113830567,0.23005168808371895,0.4384267807006836,0.03895805453908215,0.01,ovo,rbf,500,"{'C': 0.01, 'decision_function_shape': 'ovo', 'kernel': 'rbf', 'max_iter': 500}",0.33203125,0.29775662814411963,0.30526315789473685,0.2927461139896373,0.3603238866396761,0.31762420733363395,0.025287393166336578,203
52,5.101645755767822,0.3783610358121326,1.2313069820404052,0.16144356995730746,0.01,ovo,rbf,1000,"{'C': 0.01, 'decision_function_shape': 'ovo', 'kernel': 'rbf', 'max_iter': 1000}",0.5110410094637223,0.47506925207756234,0.4804392587508579,0.5096731154102735,0.492599171107164,0.49376436136191604,0.014696898748264558,3
53,20.814893770217896,1.2273038125492266,4.46011528968811,0.24603754786470466,0.01,ovo,rbf,5000,"{'C': 0.01, 'decision_function_shape': 'ovo', 'kernel': 'rbf', 'max_iter': 5000}",0.0,0.0,0.0,0.0,0.0,0.0,0.0,257
54,20.0048930644989,1.012806666934045,4.256032800674438,0.1616811389430847,0.01,ovo,rbf,10000,"{'C': 0.01, 'decision_function_shape': 'ovo', 'kernel': 'rbf', 'max_iter': 10000}",0.0,0.0,0.0,0.0,0.0,0.0,0.0,257
55,0.8399527549743653,0.08625728137194569,0.21951498985290527,0.03160591920427803,0.01,ovo,sigmoid,100,"{'C': 0.01, 'decision_function_shape': 'ovo', 'kernel': 'sigmoid', 'max_iter': 100}",0.4498550724637681,0.45545722713864306,0.4445768772348034,0.46595385481148,0.43632075471698106,0.45043275727313514,0.009999234301999498,23
56,3.721933364868164,0.37899270535034446,0.8843361377716065,0.04310094877761664,0.01,ovo,sigmoid,500,"{'C': 0.01, 'decision_function_shape': 'ovo', 'kernel': 'sigmoid', 'max_iter': 500}",0.41207815275310833,0.43010752688172044,0.4080664294187426,0.41973908111174135,0.40588235294117647,0.41517470862129785,0.008835006768333684,81
57,6.526982212066651,0.6972554226690562,1.4008530139923097,0.050357343609147634,0.01,ovo,sigmoid,1000,"{'C': 0.01, 'decision_function_shape': 'ovo', 'kernel': 'sigmoid', 'max_iter': 1000}",0.38899082568807336,0.3997539975399754,0.4033880359978825,0.3962040332147094,0.37984019668100794,0.3936354178243297,0.008378886877203257,103
58,15.48425464630127,0.6158322415147158,3.401977205276489,0.5149500668436853,0.01,ovo,sigmoid,5000,"{'C': 0.01, 'decision_function_shape': 'ovo', 'kernel': 'sigmoid', 'max_iter': 5000}",0.0,0.0,0.0,0.0,0.0,0.0,0.0,257
59,15.19267144203186,0.6957781125944704,3.191827726364136,0.35708950435441833,0.01,ovo,sigmoid,10000,"{'C': 0.01, 'decision_function_shape': 'ovo', 'kernel': 'sigmoid', 'max_iter': 10000}",0.0,0.0,0.0,0.0,0.0,0.0,0.0,257
60,0.34647340774536134,0.05187156034768561,0.06761903762817383,0.014010932463433854,0.01,ovr,linear,100,"{'C': 0.01, 'decision_function_shape': 'ovr', 'kernel': 'linear', 'max_iter': 100}",0.4339920948616601,0.4359889021006738,0.4330552244735797,0.4384858044164038,0.43450732093391375,0.4352058693572462,0.0018951309248221985,59
61,1.9645637035369874,0.07815360654085557,0.40482068061828613,0.07831093060361932,0.01,ovr,linear,500,"{'C': 0.01, 'decision_function_shape': 'ovr', 'kernel': 'linear', 'max_iter': 500}",0.4278846153846154,0.43373493975903615,0.4332273449920509,0.4335329341317366,0.43423137876386686,0.4325222426062612,0.002341710219931049,69
62,4.939390325546265,0.3589831060801615,1.0892963886260987,0.06526722570298113,0.01,ovr,linear,1000,"{'C': 0.01, 'decision_function_shape': 'ovr', 'kernel': 'linear', 'max_iter': 1000}",0.43251902282739285,0.43536875495638383,0.43547110055423593,0.43708086785009864,0.4351665997591329,0.43512126918944877,0.0014695168654238853,61
63,16.442099475860594,0.9885247058239016,3.603623390197754,0.2994196668368415,0.01,ovr,linear,5000,"{'C': 0.01, 'decision_function_shape': 'ovr', 'kernel': 'linear', 'max_iter': 5000}",0.05199306759098787,0.031034482758620686,0.05517241379310345,0.024518388791593695,0.06540447504302926,0.045624565595466994,0.015370785647378099,247
64,16.762329006195067,0.8696255518455789,3.6773054122924806,0.2912954821660312,0.01,ovr,linear,10000,"{'C': 0.01, 'decision_function_shape': 'ovr', 'kernel': 'linear', 'max_iter': 10000}",0.05536332179930795,0.031034482758620686,0.05517241379310345,0.024518388791593695,0.062068965517241385,0.045631514531973436,0.014931604343901011,245
65,0.4132995128631592,0.05461361477810441,0.07560358047485352,0.016726542262394322,0.01,ovr,poly,100,"{'C': 0.01, 'decision_function_shape': 'ovr', 'kernel': 'poly', 'max_iter': 100}",0.4386792452830189,0.4397330192383196,0.43885174990169085,0.4392927308447937,0.4392927308447937,0.43916989522252325,0.00037127877549542905,37
66,1.8652212619781494,0.14798380674289335,0.41130881309509276,0.06147277044345258,0.01,ovr,poly,500,"{'C': 0.01, 'decision_function_shape': 'ovr', 'kernel': 'poly', 'max_iter': 500}",0.43850687622789786,0.4391201885310291,0.4386792452830189,0.4392927308447937,0.4392927308447937,0.4389783543463066,0.00032543507783796546,47
67,4.58978910446167,0.17485260848297732,0.9485745429992676,0.140908539333205,0.01,ovr,poly,1000,"{'C': 0.01, 'decision_function_shape': 'ovr', 'kernel': 'poly', 'max_iter': 1000}",0.4386792452830189,0.4397330192383196,0.4386792452830189,0.4392927308447937,0.4392927308447937,0.4391353942987889,0.0004056621734750268,41
68,17.985675477981566,1.0516564696092474,4.092885303497314,0.5153812322987563,0.01,ovr,poly,5000,"{'C': 0.01, 'decision_function_shape': 'ovr', 'kernel': 'poly', 'max_iter': 5000}",0.024647887323943664,0.007067137809187279,0.03826086956521739,0.007079646017699115,0.03496503496503496,0.02240411513621648,0.013298948145565977,249
69,18.70512990951538,0.7496999827143461,4.101148843765259,0.4901430464469613,0.01,ovr,poly,10000,"{'C': 0.01, 'decision_function_shape': 'ovr', 'kernel': 'poly', 'max_iter': 10000}",0.024647887323943664,0.007067137809187279,0.03826086956521739,0.007079646017699115,0.03496503496503496,0.02240411513621648,0.013298948145565977,249
70,0.3452775001525879,0.03565729920365669,0.07898774147033691,0.00957556766154188,0.01,ovr,rbf,100,"{'C': 0.01, 'decision_function_shape': 'ovr', 'kernel': 'rbf', 'max_iter': 100}",0.23071161048689137,0.2357194504699928,0.23287671232876714,0.20456217807211183,0.22938530734632684,0.226651051740818,0.011250576307605514,225
71,2.3269888877868654,0.2196099097097911,0.4503015995025635,0.021898719395832045,0.01,ovr,rbf,500,"{'C': 0.01, 'decision_function_shape': 'ovr', 'kernel': 'rbf', 'max_iter': 500}",0.33203125,0.29775662814411963,0.30526315789473685,0.2927461139896373,0.3603238866396761,0.31762420733363395,0.025287393166336578,203
72,5.611539459228515,0.5660240838178533,1.2660257816314697,0.18002757658848303,0.01,ovr,rbf,1000,"{'C': 0.01, 'decision_function_shape': 'ovr', 'kernel': 'rbf', 'max_iter': 1000}",0.5110410094637223,0.47506925207756234,0.4804392587508579,0.5096731154102735,0.492599171107164,0.49376436136191604,0.014696898748264558,3
73,20.387159729003905,1.4455035470634328,4.5003485679626465,0.559206251178808,0.01,ovr,rbf,5000,"{'C': 0.01, 'decision_function_shape': 'ovr', 'kernel': 'rbf', 'max_iter': 5000}",0.0,0.0,0.0,0.0,0.0,0.0,0.0,257
74,20.721379899978636,1.663395590698412,4.417881822586059,0.48031211587663203,0.01,ovr,rbf,10000,"{'C': 0.01, 'decision_function_shape': 'ovr', 'kernel': 'rbf', 'max_iter': 10000}",0.0,0.0,0.0,0.0,0.0,0.0,0.0,257
75,0.928535795211792,0.09596829019678853,0.20066285133361816,0.03832387074032111,0.01,ovr,sigmoid,100,"{'C': 0.01, 'decision_function_shape': 'ovr', 'kernel': 'sigmoid', 'max_iter': 100}",0.4498550724637681,0.45545722713864306,0.4445768772348034,0.46595385481148,0.43632075471698106,0.45043275727313514,0.009999234301999498,23
76,3.709034299850464,0.18422184930006708,0.8243025302886963,0.09449637775096165,0.01,ovr,sigmoid,500,"{'C': 0.01, 'decision_function_shape': 'ovr', 'kernel': 'sigmoid', 'max_iter': 500}",0.41207815275310833,0.43010752688172044,0.4080664294187426,0.41973908111174135,0.40588235294117647,0.41517470862129785,0.008835006768333684,81
77,7.063443279266357,0.5812879370957673,1.596052312850952,0.22080065887847392,0.01,ovr,sigmoid,1000,"{'C': 0.01, 'decision_function_shape': 'ovr', 'kernel': 'sigmoid', 'max_iter': 1000}",0.38899082568807336,0.3997539975399754,0.4033880359978825,0.3962040332147094,0.37984019668100794,0.3936354178243297,0.008378886877203257,103
78,15.710057926177978,1.1018404825279116,3.3793265342712404,0.6254506110881347,0.01,ovr,sigmoid,5000,"{'C': 0.01, 'decision_function_shape': 'ovr', 'kernel': 'sigmoid', 'max_iter': 5000}",0.0,0.0,0.0,0.0,0.0,0.0,0.0,257
79,14.986801481246948,0.8364964032158138,3.351032781600952,0.24297128916547758,0.01,ovr,sigmoid,10000,"{'C': 0.01, 'decision_function_shape': 'ovr', 'kernel': 'sigmoid', 'max_iter': 10000}",0.0,0.0,0.0,0.0,0.0,0.0,0.0,257
80,0.36023597717285155,0.02183596710717441,0.07978658676147461,0.005124700198414141,0.1,ovo,linear,100,"{'C': 0.1, 'decision_function_shape': 'ovo', 'kernel': 'linear', 'max_iter': 100}",0.3783056925145675,0.35581061692969873,0.3820803295571576,0.35117370892018784,0.39091718610863757,0.3716575068060498,0.015456252771849444,135
81,2.6689194202423097,0.16807719397015897,0.5139329433441162,0.04941507084807799,0.1,ovo,linear,500,"{'C': 0.1, 'decision_function_shape': 'ovo', 'kernel': 'linear', 'max_iter': 500}",0.38393274170948155,0.3764478764478765,0.36570345807674093,0.36040365209034114,0.38620689655172413,0.37453892497523283,0.010058835560004635,125
82,5.174097871780395,0.4298332739772849,1.2334190368652345,0.10749650696202548,0.1,ovo,linear,1000,"{'C': 0.1, 'decision_function_shape': 'ovo', 'kernel': 'linear', 'max_iter': 1000}",0.3894324853228963,0.3809985458070771,0.3877551020408163,0.37532400207361327,0.4055644729802033,0.38781492164492126,0.01019953640653126,113
83,14.930259227752686,0.2715177621854811,3.2699195384979247,0.23934871096309682,0.1,ovo,linear,5000,"{'C': 0.1, 'decision_function_shape': 'ovo', 'kernel': 'linear', 'max_iter': 5000}",0.41676942046855736,0.39811542991755006,0.3961117861482382,0.40097205346294046,0.3899521531100479,0.40038416862146675,0.0089559975615685,101
84,16.298561525344848,0.41511036086421044,3.5277151107788085,0.25740259126824205,0.1,ovo,linear,10000,"{'C': 0.1, 'decision_function_shape': 'ovo', 'kernel': 'linear', 'max_iter': 10000}",0.40346534653465344,0.3894862604540024,0.40722891566265057,0.40628778718258773,0.40239520958083835,0.4017727038829465,0.006393206844934851,97
85,0.3175511360168457,0.023385984492075962,0.05944027900695801,0.007263311248935229,0.1,ovo,poly,100,"{'C': 0.1, 'decision_function_shape': 'ovo', 'kernel': 'poly', 'max_iter': 100}",0.4386792452830189,0.4391201885310291,0.43885174990169085,0.4392927308447937,0.4385826771653544,0.4389053183451773,0.0002662080314775568,49
86,1.965153694152832,0.09311484442944593,0.38676977157592773,0.0656956209805329,0.1,ovo,poly,500,"{'C': 0.1, 'decision_function_shape': 'ovo', 'kernel': 'poly', 'max_iter': 500}",0.4391201885310291,0.4391201885310291,0.4386792452830189,0.4392927308447937,0.4380652772316162,0.4388555260842974,0.0004442541151377146,51
87,4.570229816436767,0.28274734838613885,0.9737176895141602,0.13582750375513278,0.1,ovo,poly,1000,"{'C': 0.1, 'decision_function_shape': 'ovo', 'kernel': 'poly', 'max_iter': 1000}",0.43416370106761565,0.4392927308447937,0.43656422379826637,0.43875541551792047,0.43779527559055126,0.4373142693638295,0.0018281809537780502,53
88,19.017862272262573,0.831268571219115,4.966208791732788,0.45519849700237214,0.1,ovo,poly,5000,"{'C': 0.1, 'decision_function_shape': 'ovo', 'kernel': 'poly', 'max_iter': 5000}",0.1423948220064725,0.11650485436893203,0.12440191387559808,0.125,0.11707317073170734,0.125074952196542,0.009358542322733214,239
89,22.61433963775635,1.011308297721252,3.933855390548706,0.2201649944639877,0.1,ovo,poly,10000,"{'C': 0.1, 'decision_function_shape': 'ovo', 'kernel': 'poly', 'max_iter': 10000}",0.14539579967689822,0.12258064516129032,0.12420382165605094,0.12460063897763578,0.11688311688311688,0.12673280447099844,0.0097314546326527,237
90,0.44501051902770994,0.08960139405227455,0.09615139961242676,0.019553638783898004,0.1,ovo,rbf,100,"{'C': 0.1, 'decision_function_shape': 'ovo', 'kernel': 'rbf', 'max_iter': 100}",0.23071161048689137,0.2357194504699928,0.23287671232876714,0.20456217807211183,0.22938530734632684,0.226651051740818,0.011250576307605514,225
91,2.5831723690032957,0.5529929233181404,0.516422700881958,0.06722741921809226,0.1,ovo,rbf,500,"{'C': 0.1, 'decision_function_shape': 'ovo', 'kernel': 'rbf', 'max_iter': 500}",0.35317460317460325,0.3549364021804967,0.309820193637621,0.370939161252215,0.3366923532898637,0.34511254270695996,0.02071216431024869,169
92,5.797740030288696,0.3783218706476295,1.3583794593811036,0.17932768875692012,0.1,ovo,rbf,1000,"{'C': 0.1, 'decision_function_shape': 'ovo', 'kernel': 'rbf', 'max_iter': 1000}",0.5042016806722689,0.466931216931217,0.5112426035502958,0.5115273775216138,0.099009900990099,0.4185825559330989,0.16063594467818978,73
93,20.37133812904358,0.67233405780425,4.742350482940674,0.2581670375346422,0.1,ovo,rbf,5000,"{'C': 0.1, 'decision_function_shape': 'ovo', 'kernel': 'rbf', 'max_iter': 5000}",0.0,0.0,0.0,0.0,0.0,0.0,0.0,257
94,20.844726037979125,1.3399546226011165,4.4007550239562985,0.3877114689126679,0.1,ovo,rbf,10000,"{'C': 0.1, 'decision_function_shape': 'ovo', 'kernel': 'rbf', 'max_iter': 10000}",0.0,0.0,0.0,0.0,0.0,0.0,0.0,257
95,1.051421594619751,0.18134154952955453,0.2313849449157715,0.04409802560129548,0.1,ovo,sigmoid,100,"{'C': 0.1, 'decision_function_shape': 'ovo', 'kernel': 'sigmoid', 'max_iter': 100}",0.44729178800232966,0.4543849323131253,0.44023668639053254,0.4558659217877095,0.4299065420560748,0.4455371741099544,0.009596419667681653,35
96,3.6849122047424316,0.3664696107468188,0.7459118843078614,0.0717866296925912,0.1,ovo,sigmoid,500,"{'C': 0.1, 'decision_function_shape': 'ovo', 'kernel': 'sigmoid', 'max_iter': 500}",0.41102456560814854,0.4191399152029074,0.4042679312388856,0.4164759725400458,0.4021289178001183,0.4106074604780211,0.006625579386873512,91
97,6.296897602081299,0.6874602473244383,1.5845709800720216,0.21237657250342248,0.1,ovo,sigmoid,1000,"{'C': 0.1, 'decision_function_shape': 'ovo', 'kernel': 'sigmoid', 'max_iter': 1000}",0.37671232876712324,0.3825966850828729,0.3621621621621622,0.3820078226857888,0.3598382749326145,0.37266345472611234,0.009768746502346043,129
98,14.711971712112426,1.1997624911271556,3.5485862731933593,0.4379947350916631,0.1,ovo,sigmoid,5000,"{'C': 0.1, 'decision_function_shape': 'ovo', 'kernel': 'sigmoid', 'max_iter': 5000}",0.2710526315789474,0.29850746268656714,0.22020725388601037,0.2795969773299748,0.20986093552465232,0.25584505220123044,0.03464129715109369,215
99,15.264764976501464,0.7529110359055672,3.3668819427490235,0.3503220539185599,0.1,ovo,sigmoid,10000,"{'C': 0.1, 'decision_function_shape': 'ovo', 'kernel': 'sigmoid', 'max_iter': 10000}",0.2710526315789474,0.29850746268656714,0.22020725388601037,0.2795969773299748,0.20986093552465232,0.25584505220123044,0.03464129715109369,215
100,0.500461196899414,0.04210383327899293,0.09055743217468262,0.013326749529433954,0.1,ovr,linear,100,"{'C': 0.1, 'decision_function_shape': 'ovr', 'kernel': 'linear', 'max_iter': 100}",0.3783056925145675,0.35581061692969873,0.3820803295571576,0.35117370892018784,0.39091718610863757,0.3716575068060498,0.015456252771849444,135
101,2.6354310512542725,0.2634454666952789,0.5936551094055176,0.05380932178782032,0.1,ovr,linear,500,"{'C': 0.1, 'decision_function_shape': 'ovr', 'kernel': 'linear', 'max_iter': 500}",0.38393274170948155,0.3764478764478765,0.36570345807674093,0.36040365209034114,0.38620689655172413,0.37453892497523283,0.010058835560004635,125
102,5.533920383453369,0.5213507903301439,1.3040243148803712,0.09448014401934234,0.1,ovr,linear,1000,"{'C': 0.1, 'decision_function_shape': 'ovr', 'kernel': 'linear', 'max_iter': 1000}",0.3894324853228963,0.3809985458070771,0.3877551020408163,0.37532400207361327,0.4055644729802033,0.38781492164492126,0.01019953640653126,113
103,14.85182294845581,0.9883058256339227,3.4650124073028565,0.3514783156398903,0.1,ovr,linear,5000,"{'C': 0.1, 'decision_function_shape': 'ovr', 'kernel': 'linear', 'max_iter': 5000}",0.41676942046855736,0.39811542991755006,0.3961117861482382,0.40097205346294046,0.3899521531100479,0.40038416862146675,0.0089559975615685,101
104,16.550446653366087,0.8977336780869385,4.017613935470581,0.4571255434415904,0.1,ovr,linear,10000,"{'C': 0.1, 'decision_function_shape': 'ovr', 'kernel': 'linear', 'max_iter': 10000}",0.40346534653465344,0.3894862604540024,0.40722891566265057,0.40628778718258773,0.40239520958083835,0.4017727038829465,0.006393206844934851,97
105,0.3555509090423584,0.05105923943799251,0.07041149139404297,0.007399284624670172,0.1,ovr,poly,100,"{'C': 0.1, 'decision_function_shape': 'ovr', 'kernel': 'poly', 'max_iter': 100}",0.4386792452830189,0.4391201885310291,0.43885174990169085,0.4392927308447937,0.4385826771653544,0.4389053183451773,0.0002662080314775568,49
106,2.0433609008789064,0.17993019009336694,0.364824104309082,0.027885303879575298,0.1,ovr,poly,500,"{'C': 0.1, 'decision_function_shape': 'ovr', 'kernel': 'poly', 'max_iter': 500}",0.4391201885310291,0.4391201885310291,0.4386792452830189,0.4392927308447937,0.4380652772316162,0.4388555260842974,0.0004442541151377146,51
107,4.854718542098999,0.5110179546566739,1.0427209854125976,0.09493026021507402,0.1,ovr,poly,1000,"{'C': 0.1, 'decision_function_shape': 'ovr', 'kernel': 'poly', 'max_iter': 1000}",0.43416370106761565,0.4392927308447937,0.43656422379826637,0.43875541551792047,0.43779527559055126,0.4373142693638295,0.0018281809537780502,53
108,18.424221324920655,0.76319866445098,4.223239612579346,0.22859782478672486,0.1,ovr,poly,5000,"{'C': 0.1, 'decision_function_shape': 'ovr', 'kernel': 'poly', 'max_iter': 5000}",0.1423948220064725,0.11650485436893203,0.12440191387559808,0.125,0.11707317073170734,0.125074952196542,0.009358542322733214,239
109,21.468364715576172,0.5966119807806055,4.084761095046997,0.3436375131364787,0.1,ovr,poly,10000,"{'C': 0.1, 'decision_function_shape': 'ovr', 'kernel': 'poly', 'max_iter': 10000}",0.14539579967689822,0.12258064516129032,0.12420382165605094,0.12460063897763578,0.11688311688311688,0.12673280447099844,0.0097314546326527,237
110,0.37171158790588377,0.041554891259094395,0.09454264640808105,0.0037520717507298555,0.1,ovr,rbf,100,"{'C': 0.1, 'decision_function_shape': 'ovr', 'kernel': 'rbf', 'max_iter': 100}",0.23071161048689137,0.2357194504699928,0.23287671232876714,0.20456217807211183,0.22938530734632684,0.226651051740818,0.011250576307605514,225
111,2.2506354331970213,0.2687812799328199,0.44263410568237305,0.05797372043125376,0.1,ovr,rbf,500,"{'C': 0.1, 'decision_function_shape': 'ovr', 'kernel': 'rbf', 'max_iter': 500}",0.35317460317460325,0.3549364021804967,0.309820193637621,0.370939161252215,0.3366923532898637,0.34511254270695996,0.02071216431024869,169
112,5.636004638671875,0.3515927097631928,1.155719804763794,0.11859668035578863,0.1,ovr,rbf,1000,"{'C': 0.1, 'decision_function_shape': 'ovr', 'kernel': 'rbf', 'max_iter': 1000}",0.5042016806722689,0.466931216931217,0.5112426035502958,0.5115273775216138,0.099009900990099,0.4185825559330989,0.16063594467818978,73
113,19.476620531082155,0.497945473169353,5.158815193176269,0.3333723160164123,0.1,ovr,rbf,5000,"{'C': 0.1, 'decision_function_shape': 'ovr', 'kernel': 'rbf', 'max_iter': 5000}",0.0,0.0,0.0,0.0,0.0,0.0,0.0,257
114,21.273750972747802,0.4381490277078808,4.128342056274414,0.04929064858627394,0.1,ovr,rbf,10000,"{'C': 0.1, 'decision_function_shape': 'ovr', 'kernel': 'rbf', 'max_iter': 10000}",0.0,0.0,0.0,0.0,0.0,0.0,0.0,257
115,0.8000699043273926,0.13570132744266272,0.18330988883972169,0.0333495018589534,0.1,ovr,sigmoid,100,"{'C': 0.1, 'decision_function_shape': 'ovr', 'kernel': 'sigmoid', 'max_iter': 100}",0.44729178800232966,0.4543849323131253,0.44023668639053254,0.4558659217877095,0.4299065420560748,0.4455371741099544,0.009596419667681653,35
116,3.4267181396484374,0.5032143044356423,0.7634784698486328,0.07440261002268768,0.1,ovr,sigmoid,500,"{'C': 0.1, 'decision_function_shape': 'ovr', 'kernel': 'sigmoid', 'max_iter': 500}",0.41102456560814854,0.4191399152029074,0.4042679312388856,0.4164759725400458,0.4021289178001183,0.4106074604780211,0.006625579386873512,91
117,7.129185533523559,0.7709137638402599,1.5337069511413575,0.14588930143515705,0.1,ovr,sigmoid,1000,"{'C': 0.1, 'decision_function_shape': 'ovr', 'kernel': 'sigmoid', 'max_iter': 1000}",0.37671232876712324,0.3825966850828729,0.3621621621621622,0.3820078226857888,0.3598382749326145,0.37266345472611234,0.009768746502346043,129
118,14.677255773544312,0.5598117008317162,3.2926373958587645,0.33558836289187904,0.1,ovr,sigmoid,5000,"{'C': 0.1, 'decision_function_shape': 'ovr', 'kernel': 'sigmoid', 'max_iter': 5000}",0.2710526315789474,0.29850746268656714,0.22020725388601037,0.2795969773299748,0.20986093552465232,0.25584505220123044,0.03464129715109369,215
119,14.450136423110962,0.6977836451182436,3.1253896236419676,0.25803492763879937,0.1,ovr,sigmoid,10000,"{'C': 0.1, 'decision_function_shape': 'ovr', 'kernel': 'sigmoid', 'max_iter': 10000}",0.2710526315789474,0.29850746268656714,0.22020725388601037,0.2795969773299748,0.20986093552465232,0.25584505220123044,0.03464129715109369,215
120,0.6281288623809814,0.05833684424890206,0.12925491333007813,0.014882303070739483,1,ovo,linear,100,"{'C': 1, 'decision_function_shape': 'ovo', 'kernel': 'linear', 'max_iter': 100}",0.4001928640308582,0.36124176857949203,0.3420147420147421,0.3197102948784273,0.3386004514672687,0.3523520241941577,0.027310148881170924,163
121,2.5240124225616456,0.14260691509112777,0.5820663452148438,0.06099357079114123,1,ovo,linear,500,"{'C': 1, 'decision_function_shape': 'ovo', 'kernel': 'linear', 'max_iter': 500}",0.3307086614173228,0.3261851015801354,0.3363844393592677,0.39759036144578314,0.352549889135255,0.34868369058755283,0.026028329594567932,167
122,4.75537371635437,0.5376758500664747,1.1177504062652588,0.09073747393928742,1,ovo,linear,1000,"{'C': 1, 'decision_function_shape': 'ovo', 'kernel': 'linear', 'max_iter': 1000}",0.33232628398791536,0.34776815456362425,0.33480176211453744,0.3127672571777642,0.35804701627486446,0.3371420948237412,0.015314899855612251,187
123,12.679155921936035,0.3536682750382145,2.9690016746520995,0.21489610335740333,1,ovo,linear,5000,"{'C': 1, 'decision_function_shape': 'ovo', 'kernel': 'linear', 'max_iter': 5000}",0.48117539026629935,0.4403330249768732,0.4357976653696498,0.45046728971962613,0.4533333333333333,0.4522213407331563,0.015834894195008407,13
124,15.0285728931427,0.1838013395327864,3.2659049034118652,0.22912065563270992,1,ovo,linear,10000,"{'C': 1, 'decision_function_shape': 'ovo', 'kernel': 'linear', 'max_iter': 10000}",0.5037878787878788,0.4577397910731244,0.4489795918367347,0.4743465634075508,0.4505928853754941,0.46708934209615655,0.020430174250866486,5
125,0.3186501979827881,0.020368981238138538,0.055450820922851564,0.00371090155506352,1,ovo,poly,100,"{'C': 1, 'decision_function_shape': 'ovo', 'kernel': 'poly', 'max_iter': 100}",0.4328180737217598,0.439101300748916,0.4366363995262535,0.4382376081825335,0.43779527559055126,0.4369177315540028,0.0021984755777995917,55
126,2.125989007949829,0.157766746204408,0.4114996910095215,0.05524411363258828,1,ovo,poly,500,"{'C': 1, 'decision_function_shape': 'ovo', 'kernel': 'poly', 'max_iter': 500}",0.4199432509120389,0.4204131227217497,0.4042016806722689,0.4179226069246436,0.4215646534252128,0.4168090629311828,0.006412707538442427,77
127,4.642464208602905,0.3962764709678084,0.985785722732544,0.08000934694028526,1,ovo,poly,1000,"{'C': 1, 'decision_function_shape': 'ovo', 'kernel': 'poly', 'max_iter': 1000}",0.4160463192721257,0.42040312628547927,0.41721854304635764,0.41894650877909345,0.41263157894736835,0.41704921526608496,0.002660767735704652,75
128,18.843934059143066,0.46717101060891236,4.342626285552979,0.28826442664967367,1,ovo,poly,5000,"{'C': 1, 'decision_function_shape': 'ovo', 'kernel': 'poly', 'max_iter': 5000}",0.28765264586160105,0.276510067114094,0.2693877551020408,0.29758713136729226,0.27173913043478265,0.2805753459759622,0.010575976576648785,213
129,21.731455326080322,0.35391680748380505,4.468896818161011,0.21104079289772665,1,ovo,poly,10000,"{'C': 1, 'decision_function_shape': 'ovo', 'kernel': 'poly', 'max_iter': 10000}",0.2921646746347942,0.2838196286472148,0.27576974564926376,0.2982689747003995,0.28112449799196787,0.286229504324728,0.008018107451558655,211
130,0.43862595558166506,0.08859132934317719,0.0839759349822998,0.01520999082201252,1,ovo,rbf,100,"{'C': 1, 'decision_function_shape': 'ovo', 'kernel': 'rbf', 'max_iter': 100}",0.2361308677098151,0.23799582463465552,0.21428571428571427,0.22116689280868385,0.23321033210332107,0.22855792630843794,0.009234626772978321,221
131,2.6076826572418215,0.34236345154781944,0.5438520908355713,0.09181533044346593,1,ovo,rbf,500,"{'C': 1, 'decision_function_shape': 'ovo', 'kernel': 'rbf', 'max_iter': 500}",0.3266157053509382,0.34180432020330376,0.32955974842767294,0.3371943371943372,0.3897834536368684,0.3449915129626241,0.02303511128280267,171
132,5.300493812561035,0.46103290604439856,1.1396681785583496,0.10802974687657399,1,ovo,rbf,1000,"{'C': 1, 'decision_function_shape': 'ovo', 'kernel': 'rbf', 'max_iter': 1000}",0.4572953736654804,0.007042253521126761,0.4517304189435337,0.46226415094339623,0.4016260162601626,0.35599164266673994,0.17582399008725502,159
133,20.79274582862854,0.7976311839995813,5.098415184020996,0.3680862908614334,1,ovo,rbf,5000,"{'C': 1, 'decision_function_shape': 'ovo', 'kernel': 'rbf', 'max_iter': 5000}",0.2351145038167939,0.21791044776119406,0.24153166421207656,0.22056631892697467,0.22023809523809526,0.2270722059910269,0.009452237158472751,223
134,23.032362508773804,1.0747161690740559,4.964147567749023,0.4023718499113384,1,ovo,rbf,10000,"{'C': 1, 'decision_function_shape': 'ovo', 'kernel': 'rbf', 'max_iter': 10000}",0.24048706240487064,0.21693907875185736,0.24082232011747431,0.22023809523809526,0.22451994091580502,0.2286012994856205,0.010131463576019642,219
135,0.8656846523284912,0.1675674551886286,0.24035873413085937,0.026768210557239266,1,ovo,sigmoid,100,"{'C': 1, 'decision_function_shape': 'ovo', 'kernel': 'sigmoid', 'max_iter': 100}",0.43577981651376146,0.4384525205158265,0.44365781710914454,0.4445682451253482,0.4153577661431065,0.4355632330814374,0.010613843007603322,57
136,4.026072597503662,0.3245263212295889,0.9408870697021484,0.1571394806502023,1,ovo,sigmoid,500,"{'C': 1, 'decision_function_shape': 'ovo', 'kernel': 'sigmoid', 'max_iter': 500}",0.4048780487804878,0.41702127659574467,0.3995186522262334,0.4138328530259366,0.3951515151515152,0.4060804691559835,0.008291513913777004,93
137,7.195304298400879,0.21879060220739782,1.5709064960479737,0.18956353564150866,1,ovo,sigmoid,1000,"{'C': 1, 'decision_function_shape': 'ovo', 'kernel': 'sigmoid', 'max_iter': 1000}",0.37144938091769847,0.3708609271523179,0.34427425237053244,0.3674321503131524,0.34807831762146485,0.3604190056750332,0.011771429316320385,151
138,10.54211983680725,0.8153270064571242,2.3815194606781005,0.29818497356713675,1,ovo,sigmoid,5000,"{'C': 1, 'decision_function_shape': 'ovo', 'kernel': 'sigmoid', 'max_iter': 5000}",0.34552102376599636,0.3448275862068965,0.3158878504672897,0.36053811659192825,0.31386861313868614,0.3361286380341594,0.01824779133037199,189
139,10.680545711517334,0.9134761328587767,2.4899816513061523,0.25814808901947317,1,ovo,sigmoid,10000,"{'C': 1, 'decision_function_shape': 'ovo', 'kernel': 'sigmoid', 'max_iter': 10000}",0.34552102376599636,0.3448275862068965,0.3158878504672897,0.36053811659192825,0.31386861313868614,0.3361286380341594,0.01824779133037199,189
140,0.5356788158416748,0.06234124516950153,0.114892578125,0.019445655883871947,1,ovr,linear,100,"{'C': 1, 'decision_function_shape': 'ovr', 'kernel': 'linear', 'max_iter': 100}",0.4001928640308582,0.36124176857949203,0.3420147420147421,0.3197102948784273,0.3386004514672687,0.3523520241941577,0.027310148881170924,163
141,3.1006611347198487,0.33388566918659796,0.7019455432891846,0.050163154409734484,1,ovr,linear,500,"{'C': 1, 'decision_function_shape': 'ovr', 'kernel': 'linear', 'max_iter': 500}",0.3307086614173228,0.3261851015801354,0.3363844393592677,0.39759036144578314,0.352549889135255,0.34868369058755283,0.026028329594567932,167
142,5.2664824485778805,0.19831078478839695,1.0890872955322266,0.12884798461861602,1,ovr,linear,1000,"{'C': 1, 'decision_function_shape': 'ovr', 'kernel': 'linear', 'max_iter': 1000}",0.33232628398791536,0.34776815456362425,0.33480176211453744,0.3127672571777642,0.35804701627486446,0.3371420948237412,0.015314899855612251,187
143,13.099973106384278,0.24876967007178663,3.3012310028076173,0.31783527078095997,1,ovr,linear,5000,"{'C': 1, 'decision_function_shape': 'ovr', 'kernel': 'linear', 'max_iter': 5000}",0.48117539026629935,0.4403330249768732,0.4357976653696498,0.45046728971962613,0.4533333333333333,0.4522213407331563,0.015834894195008407,13
144,15.40764422416687,0.649057491937677,3.551369619369507,0.44523538951193603,1,ovr,linear,10000,"{'C': 1, 'decision_function_shape': 'ovr', 'kernel': 'linear', 'max_iter': 10000}",0.5037878787878788,0.4577397910731244,0.4489795918367347,0.4743465634075508,0.4505928853754941,0.46708934209615655,0.020430174250866486,5
145,0.349491024017334,0.05172946921155357,0.061435699462890625,0.00804309399783857,1,ovr,poly,100,"{'C': 1, 'decision_function_shape': 'ovr', 'kernel': 'poly', 'max_iter': 100}",0.4328180737217598,0.439101300748916,0.4366363995262535,0.4382376081825335,0.43779527559055126,0.4369177315540028,0.0021984755777995917,55
146,2.0800854206085204,0.21376944716414847,0.3895577907562256,0.04510575230433738,1,ovr,poly,500,"{'C': 1, 'decision_function_shape': 'ovr', 'kernel': 'poly', 'max_iter': 500}",0.4199432509120389,0.4204131227217497,0.4042016806722689,0.4179226069246436,0.4215646534252128,0.4168090629311828,0.006412707538442427,77
147,4.809624576568604,0.2820160424706306,1.1140403270721435,0.17387456339132976,1,ovr,poly,1000,"{'C': 1, 'decision_function_shape': 'ovr', 'kernel': 'poly', 'max_iter': 1000}",0.4160463192721257,0.42040312628547927,0.41721854304635764,0.41894650877909345,0.41263157894736835,0.41704921526608496,0.002660767735704652,75
148,19.936443662643434,0.5685334740499564,4.318788003921509,0.2791971682765302,1,ovr,poly,5000,"{'C': 1, 'decision_function_shape': 'ovr', 'kernel': 'poly', 'max_iter': 5000}",0.28765264586160105,0.276510067114094,0.2693877551020408,0.29758713136729226,0.27173913043478265,0.2805753459759622,0.010575976576648785,213
149,21.568263006210326,1.4683950248372044,4.487757682800293,0.2735034346793429,1,ovr,poly,10000,"{'C': 1, 'decision_function_shape': 'ovr', 'kernel': 'poly', 'max_iter': 10000}",0.2921646746347942,0.2838196286472148,0.27576974564926376,0.2982689747003995,0.28112449799196787,0.286229504324728,0.008018107451558655,211
150,0.4039200782775879,0.08173533243092206,0.07420101165771484,0.012905492480540006,1,ovr,rbf,100,"{'C': 1, 'decision_function_shape': 'ovr', 'kernel': 'rbf', 'max_iter': 100}",0.2361308677098151,0.23799582463465552,0.21428571428571427,0.22116689280868385,0.23321033210332107,0.22855792630843794,0.009234626772978321,221
151,2.4187775611877442,0.45058740887625465,0.5994142532348633,0.08997869897163785,1,ovr,rbf,500,"{'C': 1, 'decision_function_shape': 'ovr', 'kernel': 'rbf', 'max_iter': 500}",0.3266157053509382,0.34180432020330376,0.32955974842767294,0.3371943371943372,0.3897834536368684,0.3449915129626241,0.02303511128280267,171
152,5.409927701950073,0.3141673813467889,1.3372337818145752,0.14459436231059997,1,ovr,rbf,1000,"{'C': 1, 'decision_function_shape': 'ovr', 'kernel': 'rbf', 'max_iter': 1000}",0.4572953736654804,0.007042253521126761,0.4517304189435337,0.46226415094339623,0.4016260162601626,0.35599164266673994,0.17582399008725502,159
153,19.834830570220948,0.7134960352408509,5.325512027740478,0.6216810024132757,1,ovr,rbf,5000,"{'C': 1, 'decision_function_shape': 'ovr', 'kernel': 'rbf', 'max_iter': 5000}",0.2351145038167939,0.21791044776119406,0.24153166421207656,0.22056631892697467,0.22023809523809526,0.2270722059910269,0.009452237158472751,223
154,22.799141788482665,1.1894894455734488,5.221032905578613,0.6131248605300373,1,ovr,rbf,10000,"{'C': 1, 'decision_function_shape': 'ovr', 'kernel': 'rbf', 'max_iter': 10000}",0.24048706240487064,0.21693907875185736,0.24082232011747431,0.22023809523809526,0.22451994091580502,0.2286012994856205,0.010131463576019642,219
155,0.9357125759124756,0.12817904478836045,0.2219224452972412,0.03100702362017205,1,ovr,sigmoid,100,"{'C': 1, 'decision_function_shape': 'ovr', 'kernel': 'sigmoid', 'max_iter': 100}",0.43577981651376146,0.4384525205158265,0.44365781710914454,0.4445682451253482,0.4153577661431065,0.4355632330814374,0.010613843007603322,57
156,3.4506178855895997,0.45861875800473595,0.7762264251708985,0.17653686131234148,1,ovr,sigmoid,500,"{'C': 1, 'decision_function_shape': 'ovr', 'kernel': 'sigmoid', 'max_iter': 500}",0.4048780487804878,0.41702127659574467,0.3995186522262334,0.4138328530259366,0.3951515151515152,0.4060804691559835,0.008291513913777004,93
157,6.689264488220215,0.5606815228257754,1.765798234939575,0.24644308133388645,1,ovr,sigmoid,1000,"{'C': 1, 'decision_function_shape': 'ovr', 'kernel': 'sigmoid', 'max_iter': 1000}",0.37144938091769847,0.3708609271523179,0.34427425237053244,0.3674321503131524,0.34807831762146485,0.3604190056750332,0.011771429316320385,151
158,11.097007751464844,0.42297911938820326,2.1000699520111086,0.03576036513057182,1,ovr,sigmoid,5000,"{'C': 1, 'decision_function_shape': 'ovr', 'kernel': 'sigmoid', 'max_iter': 5000}",0.34552102376599636,0.3448275862068965,0.3158878504672897,0.36053811659192825,0.31386861313868614,0.3361286380341594,0.01824779133037199,189
159,11.664199829101562,0.939563318869154,2.5248130321502686,0.2937360536919369,1,ovr,sigmoid,10000,"{'C': 1, 'decision_function_shape': 'ovr', 'kernel': 'sigmoid', 'max_iter': 10000}",0.34552102376599636,0.3448275862068965,0.3158878504672897,0.36053811659192825,0.31386861313868614,0.3361286380341594,0.01824779133037199,189
160,0.6763955116271972,0.07423051683369071,0.14062414169311524,0.01600649392679706,10,ovo,linear,100,"{'C': 10, 'decision_function_shape': 'ovo', 'kernel': 'linear', 'max_iter': 100}",0.3792452830188679,0.3654580152671756,0.348768472906404,0.33333333333333337,0.367487684729064,0.358858557850969,0.01604356651622246,153
161,3.085522699356079,0.41582688772066567,0.7119397163391114,0.07623928054445278,10,ovo,linear,500,"{'C': 10, 'decision_function_shape': 'ovo', 'kernel': 'linear', 'max_iter': 500}",0.3439419318816304,0.3291139240506329,0.3064876957494407,0.34451392836839106,0.34526990913949757,0.33386547783791853,0.014947278639170685,197
162,5.092044401168823,0.31259191709528167,1.2827826023101807,0.22786697395993188,10,ovo,linear,1000,"{'C': 10, 'decision_function_shape': 'ovo', 'kernel': 'linear', 'max_iter': 1000}",0.3775198533903482,0.3390036452004861,0.32511737089201875,0.362714013950539,0.3609933373712901,0.3530696441609364,0.018616086708801372,161
163,12.573651933670044,0.38681679033252936,2.8232635021209718,0.12460953510063415,10,ovo,linear,5000,"{'C': 10, 'decision_function_shape': 'ovo', 'kernel': 'linear', 'max_iter': 5000}",0.41748304446119067,0.38360175695461207,0.40137812230835485,0.35694050991501414,0.44289450741063635,0.40045958820996164,0.02922143318001642,99
164,15.357654714584351,0.5795911356266792,2.99041428565979,0.12053252670237825,10,ovo,linear,10000,"{'C': 10, 'decision_function_shape': 'ovo', 'kernel': 'linear', 'max_iter': 10000}",0.46996466431095407,0.4204946996466431,0.44025157232704404,0.4710144927536232,0.44162895927601814,0.4486708776628565,0.01932373053861452,27
165,0.43725218772888186,0.05227075992195695,0.08737812042236329,0.017992086548778437,10,ovo,poly,100,"{'C': 10, 'decision_function_shape': 'ovo', 'kernel': 'poly', 'max_iter': 100}",0.4043807919123842,0.4145035022661722,0.4200652528548124,0.4,0.42389987888574887,0.41256988518382354,0.00909232017664317,85
166,2.0038968086242677,0.09604265824515726,0.37210688591003416,0.049389774693236674,10,ovo,poly,500,"{'C': 10, 'decision_function_shape': 'ovo', 'kernel': 'poly', 'max_iter': 500}",0.36988847583643125,0.3810400368154625,0.35288552507095555,0.37808711270767853,0.38371040723981903,0.3731223115340694,0.011130432288749458,127
167,4.247994661331177,0.2903958683683816,0.8962035179138184,0.05876849665485327,10,ovo,poly,1000,"{'C': 10, 'decision_function_shape': 'ovo', 'kernel': 'poly', 'max_iter': 1000}",0.3770180436847103,0.3836246550137995,0.37431693989071035,0.38552036199095024,0.3851321092700403,0.3811224219700421,0.0045791079113240525,119
168,19.166187381744386,0.4723914211076082,4.24162073135376,0.28583983651688966,10,ovo,poly,5000,"{'C': 10, 'decision_function_shape': 'ovo', 'kernel': 'poly', 'max_iter': 5000}",0.3620689655172414,0.3381294964028777,0.3759036144578313,0.3913565426170469,0.35653235653235654,0.3647981951054708,0.01797591963427276,145
169,21.927467346191406,0.8164067720614474,5.082784938812256,0.5035898903225053,10,ovo,poly,10000,"{'C': 10, 'decision_function_shape': 'ovo', 'kernel': 'poly', 'max_iter': 10000}",0.3823870220162225,0.35132032146957515,0.3931034482758621,0.4058956916099773,0.37614678899082565,0.38177065447249253,0.01827391684433372,117
170,0.45458273887634276,0.06288279692210166,0.09574308395385742,0.008762580919803021,10,ovo,rbf,100,"{'C': 10, 'decision_function_shape': 'ovo', 'kernel': 'rbf', 'max_iter': 100}",0.1453790238836968,0.1085972850678733,0.13428280773143436,0.10129310344827586,0.16216216216216217,0.1303428764586885,0.022675254297990236,235
171,2.364001655578613,0.26340091611777505,0.46676011085510255,0.06678400167601184,10,ovo,rbf,500,"{'C': 10, 'decision_function_shape': 'ovo', 'kernel': 'rbf', 'max_iter': 500}",0.39377431906614785,0.4140233722871452,0.1899897854954035,0.2669245647969052,0.23221757322175735,0.2993859229734718,0.08897612711311878,207
172,5.541476011276245,0.8843059642527765,1.23313570022583,0.17243220268886852,10,ovo,rbf,1000,"{'C': 10, 'decision_function_shape': 'ovo', 'kernel': 'rbf', 'max_iter': 1000}",0.4747967479674797,0.48534201954397393,0.3540772532188841,0.29395348837209306,0.4491600353669319,0.4114659088938725,0.07482238816048317,89
173,21.357913541793824,1.172401536096894,5.016009569168091,0.4626442331205194,10,ovo,rbf,5000,"{'C': 10, 'decision_function_shape': 'ovo', 'kernel': 'rbf', 'max_iter': 5000}",0.4724919093851133,0.44564047362755654,0.4446902654867257,0.46688382193268185,0.4371584699453552,0.4533729880754865,0.013756219197102225,11
174,22.451658010482788,1.276207778203759,5.658758354187012,0.19326891972581922,10,ovo,rbf,10000,"{'C': 10, 'decision_function_shape': 'ovo', 'kernel': 'rbf', 'max_iter': 10000}",0.4781216648879402,0.44936708860759494,0.4393939393939394,0.47761194029850745,0.44637053087757317,0.458173032813111,0.01640315275072276,7
175,0.8875274181365966,0.14218523503744102,0.19178943634033202,0.026156769651417822,10,ovo,sigmoid,100,"{'C': 10, 'decision_function_shape': 'ovo', 'kernel': 'sigmoid', 'max_iter': 100}",0.44018172640080766,0.46827794561933533,0.4533064109035841,0.4612345679012346,0.41446613088404133,0.44749335634180054,0.018967705205042033,33
176,3.41188530921936,0.45390431508773904,0.7680518150329589,0.12004698655082031,10,ovo,sigmoid,500,"{'C': 10, 'decision_function_shape': 'ovo', 'kernel': 'sigmoid', 'max_iter': 500}",0.4127498649378714,0.4354926510615133,0.41776315789473684,0.4180064308681672,0.38580645161290317,0.4139637112750384,0.016053531195755213,83
177,6.698226356506348,0.43575537683530896,1.605628490447998,0.2937008763680177,10,ovo,sigmoid,1000,"{'C': 10, 'decision_function_shape': 'ovo', 'kernel': 'sigmoid', 'max_iter': 1000}",0.28899082568807344,0.37253354380426196,0.2326674500587544,0.36189069423929093,0.23004694835680753,0.29722589242943764,0.0609940952567981,209
178,10.706812381744385,0.8339635462726538,2.4098248958587645,0.39157770097707845,10,ovo,sigmoid,5000,"{'C': 10, 'decision_function_shape': 'ovo', 'kernel': 'sigmoid', 'max_iter': 5000}",0.3552397868561279,0.35018050541516244,0.3193430656934307,0.354810238305384,0.31690140845070425,0.3392950009441619,0.017395434462835802,175
179,11.086043882369996,0.5011649281382327,2.8914637088775637,0.7442801660256017,10,ovo,sigmoid,10000,"{'C': 10, 'decision_function_shape': 'ovo', 'kernel': 'sigmoid', 'max_iter': 10000}",0.3552397868561279,0.35018050541516244,0.3193430656934307,0.354810238305384,0.31690140845070425,0.3392950009441619,0.017395434462835802,175
180,0.6099682807922363,0.04808160865573058,0.12426810264587403,0.01037637820829484,10,ovr,linear,100,"{'C': 10, 'decision_function_shape': 'ovr', 'kernel': 'linear', 'max_iter': 100}",0.3792452830188679,0.3654580152671756,0.348768472906404,0.33333333333333337,0.367487684729064,0.358858557850969,0.01604356651622246,153
181,3.343459129333496,0.7542848855053819,0.8063455104827881,0.14588671496428307,10,ovr,linear,500,"{'C': 10, 'decision_function_shape': 'ovr', 'kernel': 'linear', 'max_iter': 500}",0.3439419318816304,0.3291139240506329,0.3064876957494407,0.34451392836839106,0.34526990913949757,0.33386547783791853,0.014947278639170685,197
182,5.253699493408203,0.273689803763061,1.3159164428710937,0.19174024075621343,10,ovr,linear,1000,"{'C': 10, 'decision_function_shape': 'ovr', 'kernel': 'linear', 'max_iter': 1000}",0.3775198533903482,0.3390036452004861,0.32511737089201875,0.362714013950539,0.3609933373712901,0.3530696441609364,0.018616086708801372,161
183,13.601661586761475,0.980893723366269,2.7010154247283937,0.17331725066210787,10,ovr,linear,5000,"{'C': 10, 'decision_function_shape': 'ovr', 'kernel': 'linear', 'max_iter': 5000}",0.41748304446119067,0.38360175695461207,0.40137812230835485,0.35694050991501414,0.44289450741063635,0.40045958820996164,0.02922143318001642,99
184,15.238496828079224,0.5256699356891208,2.836821413040161,0.24658612599011695,10,ovr,linear,10000,"{'C': 10, 'decision_function_shape': 'ovr', 'kernel': 'linear', 'max_iter': 10000}",0.46996466431095407,0.4204946996466431,0.44025157232704404,0.4710144927536232,0.44162895927601814,0.4486708776628565,0.01932373053861452,27
185,0.4239685535430908,0.05844324172278329,0.08597087860107422,0.037852552747339854,10,ovr,poly,100,"{'C': 10, 'decision_function_shape': 'ovr', 'kernel': 'poly', 'max_iter': 100}",0.4043807919123842,0.4145035022661722,0.4200652528548124,0.4,0.42389987888574887,0.41256988518382354,0.00909232017664317,85
186,2.1914187908172607,0.10159650820330336,0.3973416328430176,0.0340452920086435,10,ovr,poly,500,"{'C': 10, 'decision_function_shape': 'ovr', 'kernel': 'poly', 'max_iter': 500}",0.36988847583643125,0.3810400368154625,0.35288552507095555,0.37808711270767853,0.38371040723981903,0.3731223115340694,0.011130432288749458,127
187,4.1205028057098385,0.1324466127282526,0.9120629787445068,0.07145968816064731,10,ovr,poly,1000,"{'C': 10, 'decision_function_shape': 'ovr', 'kernel': 'poly', 'max_iter': 1000}",0.3770180436847103,0.3836246550137995,0.37431693989071035,0.38552036199095024,0.3851321092700403,0.3811224219700421,0.0045791079113240525,119
188,17.632441520690918,0.9130888814848381,4.020913934707641,0.20074259592709087,10,ovr,poly,5000,"{'C': 10, 'decision_function_shape': 'ovr', 'kernel': 'poly', 'max_iter': 5000}",0.3620689655172414,0.3381294964028777,0.3759036144578313,0.3913565426170469,0.35653235653235654,0.3647981951054708,0.01797591963427276,145
189,20.182001066207885,0.929996504428865,4.072016429901123,0.13423305449652126,10,ovr,poly,10000,"{'C': 10, 'decision_function_shape': 'ovr', 'kernel': 'poly', 'max_iter': 10000}",0.3823870220162225,0.35132032146957515,0.3931034482758621,0.4058956916099773,0.37614678899082565,0.38177065447249253,0.01827391684433372,117
190,0.4398244857788086,0.03730063220844559,0.08277778625488282,0.009419600891754068,10,ovr,rbf,100,"{'C': 10, 'decision_function_shape': 'ovr', 'kernel': 'rbf', 'max_iter': 100}",0.1453790238836968,0.1085972850678733,0.13428280773143436,0.10129310344827586,0.16216216216216217,0.1303428764586885,0.022675254297990236,235
191,2.078786087036133,0.2053676103845877,0.4408249855041504,0.025117351985921285,10,ovr,rbf,500,"{'C': 10, 'decision_function_shape': 'ovr', 'kernel': 'rbf', 'max_iter': 500}",0.39377431906614785,0.4140233722871452,0.1899897854954035,0.2669245647969052,0.23221757322175735,0.2993859229734718,0.08897612711311878,207
192,4.668172550201416,0.39301579800914227,0.9952532768249511,0.07168644491502142,10,ovr,rbf,1000,"{'C': 10, 'decision_function_shape': 'ovr', 'kernel': 'rbf', 'max_iter': 1000}",0.4747967479674797,0.48534201954397393,0.3540772532188841,0.29395348837209306,0.4491600353669319,0.4114659088938725,0.07482238816048317,89
193,17.884077787399292,0.12957986038291652,4.539607667922974,0.33672877113230526,10,ovr,rbf,5000,"{'C': 10, 'decision_function_shape': 'ovr', 'kernel': 'rbf', 'max_iter': 5000}",0.4724919093851133,0.44564047362755654,0.4446902654867257,0.46688382193268185,0.4371584699453552,0.4533729880754865,0.013756219197102225,11
194,19.489924716949464,0.3901694144047711,4.99060959815979,0.4576591944347092,10,ovr,rbf,10000,"{'C': 10, 'decision_function_shape': 'ovr', 'kernel': 'rbf', 'max_iter': 10000}",0.4781216648879402,0.44936708860759494,0.4393939393939394,0.47761194029850745,0.44637053087757317,0.458173032813111,0.01640315275072276,7
195,0.7027206897735596,0.04905236643482201,0.1603708267211914,0.025570983455296244,10,ovr,sigmoid,100,"{'C': 10, 'decision_function_shape': 'ovr', 'kernel': 'sigmoid', 'max_iter': 100}",0.44018172640080766,0.46827794561933533,0.4533064109035841,0.4612345679012346,0.41446613088404133,0.44749335634180054,0.018967705205042033,33
196,2.8739319324493406,0.13939416685947742,0.61646728515625,0.027626854347980814,10,ovr,sigmoid,500,"{'C': 10, 'decision_function_shape': 'ovr', 'kernel': 'sigmoid', 'max_iter': 500}",0.4127498649378714,0.4354926510615133,0.41776315789473684,0.4180064308681672,0.38580645161290317,0.4139637112750384,0.016053531195755213,83
197,6.053581619262696,0.26549287715743614,1.4683952808380127,0.11073727523884795,10,ovr,sigmoid,1000,"{'C': 10, 'decision_function_shape': 'ovr', 'kernel': 'sigmoid', 'max_iter': 1000}",0.28899082568807344,0.37253354380426196,0.2326674500587544,0.36189069423929093,0.23004694835680753,0.29722589242943764,0.0609940952567981,209
198,9.66273021697998,0.30631982166647687,1.9408648014068604,0.15790615759090906,10,ovr,sigmoid,5000,"{'C': 10, 'decision_function_shape': 'ovr', 'kernel': 'sigmoid', 'max_iter': 5000}",0.3552397868561279,0.35018050541516244,0.3193430656934307,0.354810238305384,0.31690140845070425,0.3392950009441619,0.017395434462835802,175
199,9.692107629776,0.35304575652571585,1.9351157188415526,0.12126961737316802,10,ovr,sigmoid,10000,"{'C': 10, 'decision_function_shape': 'ovr', 'kernel': 'sigmoid', 'max_iter': 10000}",0.3552397868561279,0.35018050541516244,0.3193430656934307,0.354810238305384,0.31690140845070425,0.3392950009441619,0.017395434462835802,175
200,0.6104671478271484,0.0767785594620899,0.1436157703399658,0.013425410352527053,100,ovo,linear,100,"{'C': 100, 'decision_function_shape': 'ovo', 'kernel': 'linear', 'max_iter': 100}",0.3792452830188679,0.3654580152671756,0.348768472906404,0.33333333333333337,0.367487684729064,0.358858557850969,0.01604356651622246,153
201,2.5603106021881104,0.16913213339394448,0.6299296379089355,0.07199058136309629,100,ovo,linear,500,"{'C': 100, 'decision_function_shape': 'ovo', 'kernel': 'linear', 'max_iter': 500}",0.3298208640674394,0.32986301369863014,0.3303370786516854,0.3139856274184632,0.35358511220580185,0.33151833920840396,0.012659821121391693,199
202,4.834720277786255,0.130708870825553,1.030264711380005,0.09633008532270332,100,ovo,linear,1000,"{'C': 100, 'decision_function_shape': 'ovo', 'kernel': 'linear', 'max_iter': 1000}",0.34255444379046496,0.3418604651162791,0.3250620347394541,0.33273915626856804,0.3558926487747958,0.33962174973791237,0.010370246767751088,173
203,11.611735153198243,0.5353564794391193,2.7628111362457277,0.3617110662505891,100,ovo,linear,5000,"{'C': 100, 'decision_function_shape': 'ovo', 'kernel': 'linear', 'max_iter': 5000}",0.38001407459535536,0.36583629893238434,0.3541501976284585,0.35772357723577236,0.401854714064915,0.3719157724913771,0.017412161121748686,133
204,13.933490514755249,1.2689889847223261,2.9104753971099853,0.24222658580221873,100,ovo,linear,10000,"{'C': 100, 'decision_function_shape': 'ovo', 'kernel': 'linear', 'max_iter': 10000}",0.475785896346644,0.39107005388760585,0.3595667870036101,0.4009287925696594,0.4335060449050086,0.41217151494250565,0.039600200900201714,87
205,0.3435063362121582,0.043314969274799914,0.06682043075561524,0.008102818458250139,100,ovo,poly,100,"{'C': 100, 'decision_function_shape': 'ovo', 'kernel': 'poly', 'max_iter': 100}",0.38078448655795505,0.41032043279234287,0.3792949576082106,0.3849480968858132,0.3960565795113587,0.39028091067113607,0.011612518554606426,109
206,2.0970309257507322,0.16154255905419015,0.4350465774536133,0.061530550675605,100,ovo,poly,500,"{'C': 100, 'decision_function_shape': 'ovo', 'kernel': 'poly', 'max_iter': 500}",0.38883888388838883,0.38334079713390057,0.37271062271062266,0.34948604992657856,0.35819430814524045,0.3705141323609462,0.01482634639531218,137
207,3.7610305309295655,0.282028812376983,0.7142899513244629,0.012652719997391109,100,ovo,poly,1000,"{'C': 100, 'decision_function_shape': 'ovo', 'kernel': 'poly', 'max_iter': 1000}",0.37065637065637064,0.3686236766121271,0.34952428642964445,0.35762876579203107,0.36867704280155644,0.36302202845834597,0.008159867059192291,147
208,15.624295139312744,0.07533628640858808,3.5481417179107666,0.15008796321280687,100,ovo,poly,5000,"{'C': 100, 'decision_function_shape': 'ovo', 'kernel': 'poly', 'max_iter': 5000}",0.35986159169550175,0.3568181818181818,0.3675799086757991,0.4045197740112994,0.346938775510204,0.3671436463421972,0.019824457557332736,139
209,18.457828760147095,0.8052222397004193,3.9351361274719237,0.27340990784627445,100,ovo,poly,10000,"{'C': 100, 'decision_function_shape': 'ovo', 'kernel': 'poly', 'max_iter': 10000}",0.40473627556512376,0.38641188959660294,0.40938166311300633,0.44050104384133615,0.3859275053304905,0.405391675489312,0.019940428725985865,95
210,0.4010297775268555,0.04457630906361703,0.08726844787597657,0.012940363948034744,100,ovo,rbf,100,"{'C': 100, 'decision_function_shape': 'ovo', 'kernel': 'rbf', 'max_iter': 100}",0.16330645161290322,0.20326678765880216,0.10022779043280182,0.07664670658682635,0.0812807881773399,0.12494570489373469,0.04991218764779434,241
211,2.119173288345337,0.1926053917053585,0.42885212898254393,0.050232124159957404,100,ovo,rbf,500,"{'C': 100, 'decision_function_shape': 'ovo', 'kernel': 'rbf', 'max_iter': 500}",0.18652849740932642,0.20119521912350596,0.194831013916501,0.231203007518797,0.17255717255717254,0.19726298210506057,0.019487988451474095,231
212,4.272962951660157,0.21782633166828913,0.9868740558624267,0.09048253704066452,100,ovo,rbf,1000,"{'C': 100, 'decision_function_shape': 'ovo', 'kernel': 'rbf', 'max_iter': 1000}",0.26599999999999996,0.36122448979591837,0.3404669260700389,0.4493006993006993,0.4446444644464447,0.37232731592262025,0.06870011211075651,131
213,17.727437257766724,0.7415976437614876,4.397949457168579,0.23455548993167763,100,ovo,rbf,5000,"{'C': 100, 'decision_function_shape': 'ovo', 'kernel': 'rbf', 'max_iter': 5000}",0.4669421487603306,0.4409937888198758,0.42988741044012285,0.45286885245901637,0.4510978043912175,0.4483580009741126,0.012398541754175365,29
214,19.346186017990114,0.5944540350064657,4.820476531982422,0.22586201138616518,100,ovo,rbf,10000,"{'C': 100, 'decision_function_shape': 'ovo', 'kernel': 'rbf', 'max_iter': 10000}",0.4610655737704918,0.4556451612903226,0.4357429718875501,0.4566768603465851,0.45895153313550946,0.4536164200860918,0.00913121632458263,9
215,0.7649635314941406,0.08593647245859605,0.1557833194732666,0.012699822505712754,100,ovo,sigmoid,100,"{'C': 100, 'decision_function_shape': 'ovo', 'kernel': 'sigmoid', 'max_iter': 100}",0.437092731829574,0.46586345381526106,0.45216515609264857,0.4613109906357812,0.4425887265135699,0.45180421177736696,0.010858399722272065,15
216,3.242976665496826,0.2418509438358581,0.7148879528045654,0.07769035394018205,100,ovo,sigmoid,500,"{'C': 100, 'decision_function_shape': 'ovo', 'kernel': 'sigmoid', 'max_iter': 500}",0.4152588555858311,0.4357181280258203,0.41625480505216916,0.4190782422293676,0.40708976558033155,0.418679959294704,0.009406122867894719,71
217,5.95493335723877,0.377259042363152,1.407756233215332,0.12879150952320068,100,ovo,sigmoid,1000,"{'C': 100, 'decision_function_shape': 'ovo', 'kernel': 'sigmoid', 'max_iter': 1000}",0.3665893271461717,0.3737294761532447,0.3457875457875458,0.35908440629470667,0.3828746177370031,0.3656130746237344,0.012652786390451967,141
218,9.624508142471313,0.3491588421345517,1.8847918510437012,0.06808544834160919,100,ovo,sigmoid,5000,"{'C': 100, 'decision_function_shape': 'ovo', 'kernel': 'sigmoid', 'max_iter': 5000}",0.35657546337157986,0.34923492349234925,0.3193430656934307,0.35387323943661975,0.3148636763412489,0.3387780736670457,0.01790851614492661,183
219,9.716749715805054,0.9228050341169048,2.043685722351074,0.21596427558725145,100,ovo,sigmoid,10000,"{'C': 100, 'decision_function_shape': 'ovo', 'kernel': 'sigmoid', 'max_iter': 10000}",0.35657546337157986,0.34923492349234925,0.3193430656934307,0.35387323943661975,0.3148636763412489,0.3387780736670457,0.01790851614492661,183
220,0.6187497138977051,0.06225536178792201,0.1314486026763916,0.013853621792533993,100,ovr,linear,100,"{'C': 100, 'decision_function_shape': 'ovr', 'kernel': 'linear', 'max_iter': 100}",0.3792452830188679,0.3654580152671756,0.348768472906404,0.33333333333333337,0.367487684729064,0.358858557850969,0.01604356651622246,153
221,2.7425836086273194,0.28834456348005405,0.6352147579193115,0.0741969660448191,100,ovr,linear,500,"{'C': 100, 'decision_function_shape': 'ovr', 'kernel': 'linear', 'max_iter': 500}",0.3298208640674394,0.32986301369863014,0.3303370786516854,0.3139856274184632,0.35358511220580185,0.33151833920840396,0.012659821121391693,199
222,4.814916706085205,0.39794824898226494,0.9913488864898682,0.06711944194884144,100,ovr,linear,1000,"{'C': 100, 'decision_function_shape': 'ovr', 'kernel': 'linear', 'max_iter': 1000}",0.34255444379046496,0.3418604651162791,0.3250620347394541,0.33273915626856804,0.3558926487747958,0.33962174973791237,0.010370246767751088,173
223,12.078557252883911,0.25348800763426954,2.4740113258361816,0.024693434491773244,100,ovr,linear,5000,"{'C': 100, 'decision_function_shape': 'ovr', 'kernel': 'linear', 'max_iter': 5000}",0.38001407459535536,0.36583629893238434,0.3541501976284585,0.35772357723577236,0.401854714064915,0.3719157724913771,0.017412161121748686,133
224,13.596588706970214,0.27659144852866063,2.4984392166137694,0.052729392508255056,100,ovr,linear,10000,"{'C': 100, 'decision_function_shape': 'ovr', 'kernel': 'linear', 'max_iter': 10000}",0.475785896346644,0.39107005388760585,0.3595667870036101,0.4009287925696594,0.4335060449050086,0.41217151494250565,0.039600200900201714,87
225,0.3263273239135742,0.014838797051530387,0.06482610702514649,0.010704883798526951,100,ovr,poly,100,"{'C': 100, 'decision_function_shape': 'ovr', 'kernel': 'poly', 'max_iter': 100}",0.38078448655795505,0.41032043279234287,0.3792949576082106,0.3849480968858132,0.3960565795113587,0.39028091067113607,0.011612518554606426,109
226,1.7796441555023192,0.03871943636411724,0.33470444679260253,0.02319765363543963,100,ovr,poly,500,"{'C': 100, 'decision_function_shape': 'ovr', 'kernel': 'poly', 'max_iter': 500}",0.38883888388838883,0.38334079713390057,0.37271062271062266,0.34948604992657856,0.35819430814524045,0.3705141323609462,0.01482634639531218,137
227,3.51742262840271,0.16488650706210414,0.678784704208374,0.020571338629479134,100,ovr,poly,1000,"{'C': 100, 'decision_function_shape': 'ovr', 'kernel': 'poly', 'max_iter': 1000}",0.37065637065637064,0.3686236766121271,0.34952428642964445,0.35762876579203107,0.36867704280155644,0.36302202845834597,0.008159867059192291,147
228,14.966403150558472,0.44181368153047035,3.6028654098510744,0.3210768863647759,100,ovr,poly,5000,"{'C': 100, 'decision_function_shape': 'ovr', 'kernel': 'poly', 'max_iter': 5000}",0.35986159169550175,0.3568181818181818,0.3675799086757991,0.4045197740112994,0.346938775510204,0.3671436463421972,0.019824457557332736,139
229,18.287072610855102,0.34798425920159043,4.02673192024231,0.32297507955432253,100,ovr,poly,10000,"{'C': 100, 'decision_function_shape': 'ovr', 'kernel': 'poly', 'max_iter': 10000}",0.40473627556512376,0.38641188959660294,0.40938166311300633,0.44050104384133615,0.3859275053304905,0.405391675489312,0.019940428725985865,95
230,0.32812724113464353,0.02211448955524108,0.06403460502624511,0.0017079241518113326,100,ovr,rbf,100,"{'C': 100, 'decision_function_shape': 'ovr', 'kernel': 'rbf', 'max_iter': 100}",0.16330645161290322,0.20326678765880216,0.10022779043280182,0.07664670658682635,0.0812807881773399,0.12494570489373469,0.04991218764779434,241
231,1.881086540222168,0.08515112270737692,0.39394607543945315,0.04695747870066744,100,ovr,rbf,500,"{'C': 100, 'decision_function_shape': 'ovr', 'kernel': 'rbf', 'max_iter': 500}",0.18652849740932642,0.20119521912350596,0.194831013916501,0.231203007518797,0.17255717255717254,0.19726298210506057,0.019487988451474095,231
232,4.513356494903564,0.21248545071027602,1.0021239280700684,0.08023125344268134,100,ovr,rbf,1000,"{'C': 100, 'decision_function_shape': 'ovr', 'kernel': 'rbf', 'max_iter': 1000}",0.26599999999999996,0.36122448979591837,0.3404669260700389,0.4493006993006993,0.4446444644464447,0.37232731592262025,0.06870011211075651,131
233,17.71692476272583,0.48128088990908424,4.337495994567871,0.3964573202822047,100,ovr,rbf,5000,"{'C': 100, 'decision_function_shape': 'ovr', 'kernel': 'rbf', 'max_iter': 5000}",0.4669421487603306,0.4409937888198758,0.42988741044012285,0.45286885245901637,0.4510978043912175,0.4483580009741126,0.012398541754175365,29
234,19.39420895576477,0.9133418539609759,4.541198110580444,0.22395817567726084,100,ovr,rbf,10000,"{'C': 100, 'decision_function_shape': 'ovr', 'kernel': 'rbf', 'max_iter': 10000}",0.4610655737704918,0.4556451612903226,0.4357429718875501,0.4566768603465851,0.45895153313550946,0.4536164200860918,0.00913121632458263,9
235,0.8050679683685302,0.06472383295835459,0.16934633255004883,0.028274915972761577,100,ovr,sigmoid,100,"{'C': 100, 'decision_function_shape': 'ovr', 'kernel': 'sigmoid', 'max_iter': 100}",0.437092731829574,0.46586345381526106,0.45216515609264857,0.4613109906357812,0.4425887265135699,0.45180421177736696,0.010858399722272065,15
236,2.991967868804932,0.17734280853865206,0.6787939548492432,0.05522430031786792,100,ovr,sigmoid,500,"{'C': 100, 'decision_function_shape': 'ovr', 'kernel': 'sigmoid', 'max_iter': 500}",0.4152588555858311,0.4357181280258203,0.41625480505216916,0.4190782422293676,0.40708976558033155,0.418679959294704,0.009406122867894719,71
237,6.0635591506958,0.4384814509274264,1.4934311866760255,0.05709062389080437,100,ovr,sigmoid,1000,"{'C': 100, 'decision_function_shape': 'ovr', 'kernel': 'sigmoid', 'max_iter': 1000}",0.3665893271461717,0.3737294761532447,0.3457875457875458,0.35908440629470667,0.3828746177370031,0.3656130746237344,0.012652786390451967,141
238,9.761204719543457,0.320671588037012,2.116743278503418,0.17674368115343453,100,ovr,sigmoid,5000,"{'C': 100, 'decision_function_shape': 'ovr', 'kernel': 'sigmoid', 'max_iter': 5000}",0.35657546337157986,0.34923492349234925,0.3193430656934307,0.35387323943661975,0.3148636763412489,0.3387780736670457,0.01790851614492661,183
239,9.379384899139405,0.35526967879366095,2.0952101707458497,0.24015679210005628,100,ovr,sigmoid,10000,"{'C': 100, 'decision_function_shape': 'ovr', 'kernel': 'sigmoid', 'max_iter': 10000}",0.35657546337157986,0.34923492349234925,0.3193430656934307,0.35387323943661975,0.3148636763412489,0.3387780736670457,0.01790851614492661,183
240,0.5687958240509033,0.06393594008535562,0.13364253044128419,0.014833643509363469,1000,ovo,linear,100,"{'C': 1000, 'decision_function_shape': 'ovo', 'kernel': 'linear', 'max_iter': 100}",0.3792452830188679,0.3654580152671756,0.348768472906404,0.33333333333333337,0.367487684729064,0.358858557850969,0.01604356651622246,153
241,2.5441020488739015,0.2496285070151721,0.5607009887695312,0.062438068038963006,1000,ovo,linear,500,"{'C': 1000, 'decision_function_shape': 'ovo', 'kernel': 'linear', 'max_iter': 500}",0.3298208640674394,0.32986301369863014,0.3303370786516854,0.3139856274184632,0.35358511220580185,0.33151833920840396,0.012659821121391693,199
242,4.438364267349243,0.20577181427681468,1.0871008396148683,0.1046477640839936,1000,ovo,linear,1000,"{'C': 1000, 'decision_function_shape': 'ovo', 'kernel': 'linear', 'max_iter': 1000}",0.34255444379046496,0.33097762073027087,0.3250620347394541,0.33273915626856804,0.3405842137973897,0.3343834938652296,0.006425056708458261,195
243,11.983348560333251,0.6770740115278825,2.646953248977661,0.24729367668734828,1000,ovo,linear,5000,"{'C': 1000, 'decision_function_shape': 'ovo', 'kernel': 'linear', 'max_iter': 5000}",0.37186629526462395,0.37254901960784315,0.35394456289978676,0.3599419448476052,0.3557142857142857,0.36280322166682893,0.007925094746089866,149
244,13.761417484283447,0.2828002467812329,2.928149700164795,0.08941901545546675,1000,ovo,linear,10000,"{'C': 1000, 'decision_function_shape': 'ovo', 'kernel': 'linear', 'max_iter': 10000}",0.3915978994748687,0.38276836158192096,0.3625468164794008,0.406201550387597,0.3857791225416036,0.38577875009307816,0.014140286064677255,115
245,0.4390252590179443,0.05570661687922574,0.08557085990905762,0.011790135112087142,1000,ovo,poly,100,"{'C': 1000, 'decision_function_shape': 'ovo', 'kernel': 'poly', 'max_iter': 100}",0.37643810400368155,0.4198441984419844,0.36877523553162855,0.3708016121809225,0.4173486088379706,0.39064155179923754,0.02297632863216335,107
246,1.9334865093231202,0.105983844569994,0.3573497772216797,0.037915628036996135,1000,ovo,poly,500,"{'C': 1000, 'decision_function_shape': 'ovo', 'kernel': 'poly', 'max_iter': 500}",0.3783537971805366,0.3769585253456222,0.3772683858643744,0.36230558096980786,0.38125281658404686,0.37522782118887765,0.006636502524140874,123
247,3.421317720413208,0.1981325501300735,0.7001570224761963,0.07073882203340956,1000,ovo,poly,1000,"{'C': 1000, 'decision_function_shape': 'ovo', 'kernel': 'poly', 'max_iter': 1000}",0.35769980506822613,0.37125178486435034,0.3713450292397661,0.3612590799031477,0.36400404448938317,0.3651119487129747,0.0054325096238107395,143
248,14.275192308425904,0.6151045000990585,3.0666269779205324,0.181099729939192,1000,ovo,poly,5000,"{'C': 1000, 'decision_function_shape': 'ovo', 'kernel': 'poly', 'max_iter': 5000}",0.3720452209660843,0.34737923946557037,0.39999999999999997,0.411946446961895,0.3687374749498998,0.38002167646868984,0.023129246083562063,121
249,17.637884283065794,0.3067079291729615,3.760532760620117,0.22561068047187366,1000,ovo,poly,10000,"{'C': 1000, 'decision_function_shape': 'ovo', 'kernel': 'poly', 'max_iter': 10000}",0.36836628511966707,0.3599182004089979,0.3913491246138002,0.448,0.37436419125127157,0.3883995602787474,0.03152911004801852,111
250,0.39354705810546875,0.02062959058069403,0.07639570236206054,0.014336750660248034,1000,ovo,rbf,100,"{'C': 1000, 'decision_function_shape': 'ovo', 'kernel': 'rbf', 'max_iter': 100}",0.16330645161290322,0.1791320406278855,0.10022779043280182,0.07664670658682635,0.07481296758104738,0.11882519136829287,0.043994232174871216,243
251,2.189515495300293,0.1774781067328483,0.4590094566345215,0.054760352310275456,1000,ovo,rbf,500,"{'C': 1000, 'decision_function_shape': 'ovo', 'kernel': 'rbf', 'max_iter': 500}",0.18652849740932642,0.16901408450704225,0.21559191530317612,0.231203007518797,0.1628865979381443,0.1930448205352972,0.026434355856349522,233
252,4.451318836212158,0.3297909729286958,0.9613628387451172,0.03420536209521288,1000,ovo,rbf,1000,"{'C': 1000, 'decision_function_shape': 'ovo', 'kernel': 'rbf', 'max_iter': 1000}",0.26599999999999996,0.3029045643153527,0.3984891406987724,0.4493006993006993,0.26103646833013433,0.3355461745289917,0.07530703861271318,193
253,17.64543409347534,0.6530473633564636,4.271190881729126,0.3206778066109085,1000,ovo,rbf,5000,"{'C': 1000, 'decision_function_shape': 'ovo', 'kernel': 'rbf', 'max_iter': 5000}",0.45803108808290155,0.44852191641182465,0.4393179538615848,0.45556690500510727,0.43668993020937197,0.447625558714158,0.008494089105488727,31
254,20.04435501098633,0.4909495620693933,4.2821159839630125,0.16053722989368588,1000,ovo,rbf,10000,"{'C': 1000, 'decision_function_shape': 'ovo', 'kernel': 'rbf', 'max_iter': 10000}",0.46406570841889117,0.45845845845845845,0.43599999999999994,0.4473684210526315,0.4502923976608187,0.45123699711815995,0.009641053548397496,19
255,0.7462090492248535,0.07590970227142288,0.16874847412109376,0.021366337846537468,1000,ovo,sigmoid,100,"{'C': 1000, 'decision_function_shape': 'ovo', 'kernel': 'sigmoid', 'max_iter': 100}",0.43909774436090226,0.46767676767676775,0.45252525252525255,0.45932539682539675,0.43945720250521925,0.45161647277870764,0.011160222915161808,17
256,3.2464785099029543,0.15973133020102928,0.7150139808654785,0.10380982441084156,1000,ovo,sigmoid,500,"{'C': 1000, 'decision_function_shape': 'ovo', 'kernel': 'sigmoid', 'max_iter': 500}",0.4152588555858311,0.43591130340724715,0.41840087623220157,0.41958041958041964,0.3896440129449838,0.4157590935501366,0.014899266985516848,79
257,6.061139392852783,0.3531358576283721,1.3345525741577149,0.15355826190185493,1000,ovo,sigmoid,1000,"{'C': 1000, 'decision_function_shape': 'ovo', 'kernel': 'sigmoid', 'max_iter': 1000}",0.3884514435695538,0.3960655737704918,0.372121966397013,0.26148409893992935,0.3295269168026101,0.3495299998959196,0.04968508704279798,165
258,8.930055475234985,0.3473895462316352,1.8688197135925293,0.08364620830731269,1000,ovo,sigmoid,5000,"{'C': 1000, 'decision_function_shape': 'ovo', 'kernel': 'sigmoid', 'max_iter': 5000}",0.3562610229276896,0.3495495495495496,0.3193430656934307,0.35387323943661975,0.3151408450704225,0.33883354453554243,0.01780991276073958,179
259,8.96829891204834,0.2815822463408099,1.9972955226898192,0.0991722801468212,1000,ovo,sigmoid,10000,"{'C': 1000, 'decision_function_shape': 'ovo', 'kernel': 'sigmoid', 'max_iter': 10000}",0.3562610229276896,0.3495495495495496,0.3193430656934307,0.35387323943661975,0.3151408450704225,0.33883354453554243,0.01780991276073958,179
260,0.5106348037719727,0.02694657745083579,0.10632328987121582,0.007684524587624878,1000,ovr,linear,100,"{'C': 1000, 'decision_function_shape': 'ovr', 'kernel': 'linear', 'max_iter': 100}",0.3792452830188679,0.3654580152671756,0.348768472906404,0.33333333333333337,0.367487684729064,0.358858557850969,0.01604356651622246,153
261,2.4089863777160643,0.20152050456987966,0.5551156044006348,0.06462408231926105,1000,ovr,linear,500,"{'C': 1000, 'decision_function_shape': 'ovr', 'kernel': 'linear', 'max_iter': 500}",0.3298208640674394,0.32986301369863014,0.3303370786516854,0.3139856274184632,0.35358511220580185,0.33151833920840396,0.012659821121391693,199
262,4.809002351760864,0.30891540636817955,1.095297384262085,0.04197639705228497,1000,ovr,linear,1000,"{'C': 1000, 'decision_function_shape': 'ovr', 'kernel': 'linear', 'max_iter': 1000}",0.34255444379046496,0.33097762073027087,0.3250620347394541,0.33273915626856804,0.3405842137973897,0.3343834938652296,0.006425056708458261,195
263,11.69064245223999,0.5606141589202601,2.788154363632202,0.360247645484632,1000,ovr,linear,5000,"{'C': 1000, 'decision_function_shape': 'ovr', 'kernel': 'linear', 'max_iter': 5000}",0.37186629526462395,0.37254901960784315,0.35394456289978676,0.3599419448476052,0.3557142857142857,0.36280322166682893,0.007925094746089866,149
264,13.919509887695312,1.0246722219884061,3.0481285095214843,0.1958920984822566,1000,ovr,linear,10000,"{'C': 1000, 'decision_function_shape': 'ovr', 'kernel': 'linear', 'max_iter': 10000}",0.3915978994748687,0.38276836158192096,0.3625468164794008,0.406201550387597,0.3857791225416036,0.38577875009307816,0.014140286064677255,115
265,0.4527890205383301,0.02544265825376275,0.09534492492675781,0.007893180694782414,1000,ovr,poly,100,"{'C': 1000, 'decision_function_shape': 'ovr', 'kernel': 'poly', 'max_iter': 100}",0.37643810400368155,0.4198441984419844,0.36877523553162855,0.3708016121809225,0.4173486088379706,0.39064155179923754,0.02297632863216335,107
266,1.9095256328582764,0.2120253187592324,0.3839808464050293,0.04979174439311756,1000,ovr,poly,500,"{'C': 1000, 'decision_function_shape': 'ovr', 'kernel': 'poly', 'max_iter': 500}",0.3783537971805366,0.3769585253456222,0.3772683858643744,0.36230558096980786,0.38125281658404686,0.37522782118887765,0.006636502524140874,123
267,3.865151119232178,0.36608580659399903,0.8511448860168457,0.06159241036867514,1000,ovr,poly,1000,"{'C': 1000, 'decision_function_shape': 'ovr', 'kernel': 'poly', 'max_iter': 1000}",0.35769980506822613,0.37125178486435034,0.3713450292397661,0.3612590799031477,0.36400404448938317,0.3651119487129747,0.0054325096238107395,143
268,14.260038995742798,0.5755751300104426,3.1334760189056396,0.3014582140791289,1000,ovr,poly,5000,"{'C': 1000, 'decision_function_shape': 'ovr', 'kernel': 'poly', 'max_iter': 5000}",0.3720452209660843,0.34737923946557037,0.39999999999999997,0.411946446961895,0.3687374749498998,0.38002167646868984,0.023129246083562063,121
269,18.57261190414429,0.9576326338144027,3.9742698669433594,0.28263501929841367,1000,ovr,poly,10000,"{'C': 1000, 'decision_function_shape': 'ovr', 'kernel': 'poly', 'max_iter': 10000}",0.36836628511966707,0.3599182004089979,0.3913491246138002,0.448,0.37436419125127157,0.3883995602787474,0.03152911004801852,111
270,0.41371378898620603,0.06006724836001217,0.08876290321350097,0.008200360525664547,1000,ovr,rbf,100,"{'C': 1000, 'decision_function_shape': 'ovr', 'kernel': 'rbf', 'max_iter': 100}",0.16330645161290322,0.1791320406278855,0.10022779043280182,0.07664670658682635,0.07481296758104738,0.11882519136829287,0.043994232174871216,243
271,2.310681676864624,0.045543875918072386,0.48221783638000487,0.024893300124043324,1000,ovr,rbf,500,"{'C': 1000, 'decision_function_shape': 'ovr', 'kernel': 'rbf', 'max_iter': 500}",0.18652849740932642,0.16901408450704225,0.21559191530317612,0.231203007518797,0.1628865979381443,0.1930448205352972,0.026434355856349522,233
272,4.587528562545776,0.2968763282394276,0.9786156177520752,0.12294744458861068,1000,ovr,rbf,1000,"{'C': 1000, 'decision_function_shape': 'ovr', 'kernel': 'rbf', 'max_iter': 1000}",0.26599999999999996,0.3029045643153527,0.3984891406987724,0.4493006993006993,0.26103646833013433,0.3355461745289917,0.07530703861271318,193
273,17.6825852394104,0.5309841782792611,4.3148129940032955,0.3368307943830616,1000,ovr,rbf,5000,"{'C': 1000, 'decision_function_shape': 'ovr', 'kernel': 'rbf', 'max_iter': 5000}",0.45803108808290155,0.44852191641182465,0.4393179538615848,0.45556690500510727,0.43668993020937197,0.447625558714158,0.008494089105488727,31
274,19.184215021133422,0.5448765471747807,4.73295407295227,0.22727839331659955,1000,ovr,rbf,10000,"{'C': 1000, 'decision_function_shape': 'ovr', 'kernel': 'rbf', 'max_iter': 10000}",0.46406570841889117,0.45845845845845845,0.43599999999999994,0.4473684210526315,0.4502923976608187,0.45123699711815995,0.009641053548397496,19
275,0.7781200885772706,0.08492099166187972,0.17034335136413575,0.008257777682155921,1000,ovr,sigmoid,100,"{'C': 1000, 'decision_function_shape': 'ovr', 'kernel': 'sigmoid', 'max_iter': 100}",0.43909774436090226,0.46767676767676775,0.45252525252525255,0.45932539682539675,0.43945720250521925,0.45161647277870764,0.011160222915161808,17
276,3.1910202503204346,0.19628078304405883,0.7341504573822022,0.04286006911891768,1000,ovr,sigmoid,500,"{'C': 1000, 'decision_function_shape': 'ovr', 'kernel': 'sigmoid', 'max_iter': 500}",0.4152588555858311,0.43591130340724715,0.41840087623220157,0.41958041958041964,0.3896440129449838,0.4157590935501366,0.014899266985516848,79
277,5.947034740447998,0.46146024198951163,1.4916611194610596,0.08402494609431085,1000,ovr,sigmoid,1000,"{'C': 1000, 'decision_function_shape': 'ovr', 'kernel': 'sigmoid', 'max_iter': 1000}",0.3884514435695538,0.3960655737704918,0.372121966397013,0.26148409893992935,0.3295269168026101,0.3495299998959196,0.04968508704279798,165
278,8.915865707397462,0.19915896212448536,1.6984187602996825,0.08395492521309368,1000,ovr,sigmoid,5000,"{'C': 1000, 'decision_function_shape': 'ovr', 'kernel': 'sigmoid', 'max_iter': 5000}",0.3562610229276896,0.3495495495495496,0.3193430656934307,0.35387323943661975,0.3151408450704225,0.33883354453554243,0.01780991276073958,179
279,8.671542930603028,0.17743122415347767,1.4906066417694093,0.055531764569407775,1000,ovr,sigmoid,10000,"{'C': 1000, 'decision_function_shape': 'ovr', 'kernel': 'sigmoid', 'max_iter': 10000}",0.3562610229276896,0.3495495495495496,0.3193430656934307,0.35387323943661975,0.3151408450704225,0.33883354453554243,0.01780991276073958,179
